#
# There is insufficient memory for the Java Runtime Environment to continue.
# Native memory allocation (malloc) failed to allocate 12146384 bytes. Error detail: Chunk::new
# Possible reasons:
#   The system is out of physical RAM or swap space
#   This process is running with CompressedOops enabled, and the Java Heap may be blocking the growth of the native heap
# Possible solutions:
#   Reduce memory load on the system
#   Increase physical memory or swap space
#   Check if swap backing store is full
#   Decrease Java heap size (-Xmx/-Xms)
#   Decrease number of Java threads
#   Decrease Java thread stack sizes (-Xss)
#   Set larger code cache with -XX:ReservedCodeCacheSize=
#   JVM is running with Zero Based Compressed Oops mode in which the Java heap is
#     placed in the first 32GB address space. The Java Heap base address is the
#     maximum limit for the native heap growth. Please use -XX:HeapBaseMinAddress
#     to set the Java Heap base and to place the Java Heap above 32GB virtual address.
# This output file may be truncated or incomplete.
#
#  Out of Memory Error (arena.cpp:162), pid=24132, tid=26432
#
# JRE version: Java(TM) SE Runtime Environment (24.0.2+12) (build 24.0.2+12-54)
# Java VM: Java HotSpot(TM) 64-Bit Server VM (24.0.2+12-54, mixed mode, sharing, tiered, compressed oops, compressed class ptrs, g1 gc, windows-amd64)
# No core dump will be written. Minidumps are not enabled by default on client versions of Windows
#

---------------  S U M M A R Y ------------

Command Line: --add-opens=java.base/java.lang=ALL-UNNAMED --add-opens=java.base/java.lang.invoke=ALL-UNNAMED --add-opens=java.base/java.util=ALL-UNNAMED --add-opens=java.prefs/java.util.prefs=ALL-UNNAMED --add-exports=jdk.compiler/com.sun.tools.javac.api=ALL-UNNAMED --add-exports=jdk.compiler/com.sun.tools.javac.util=ALL-UNNAMED --add-opens=java.base/java.util=ALL-UNNAMED --add-opens=java.prefs/java.util.prefs=ALL-UNNAMED --add-opens=java.base/java.nio.charset=ALL-UNNAMED --add-opens=java.base/java.net=ALL-UNNAMED --add-opens=java.base/java.util.concurrent=ALL-UNNAMED --add-opens=java.base/java.util.concurrent.atomic=ALL-UNNAMED --add-opens=java.xml/javax.xml.namespace=ALL-UNNAMED --add-opens=java.base/java.time=ALL-UNNAMED --enable-native-access=ALL-UNNAMED -XX:MaxMetaspaceSize=4G -XX:ReservedCodeCacheSize=512m -XX:+HeapDumpOnOutOfMemoryError -Xmx8G -Dfile.encoding=UTF-8 -Duser.country=ID -Duser.language=id -Duser.variant -javaagent:C:\Users\feriska\.gradle\wrapper\dists\gradle-9.1.0-all\7wzd0jkjit61aq2p43wpjgij9\gradle-9.1.0\lib\agents\gradle-instrumentation-agent-9.1.0.jar org.gradle.launcher.daemon.bootstrap.GradleDaemon 9.1.0

Host: 13th Gen Intel(R) Core(TM) i5-13420H, 12 cores, 7G,  Windows 11 , 64 bit Build 26100 (10.0.26100.8875)
Time: Mon Jul 20 16:29:33 2026 SE Asia Standard Time elapsed time: 397.202319 seconds (0d 0h 6m 37s)

---------------  T H R E A D  ---------------

Current thread (0x000002db32812f00):  JavaThread "C2 CompilerThread0" daemon [_thread_in_native, id=26432, stack(0x000000dc25b00000,0x000000dc25c00000) (1024K)]


Current CompileTask:
C2:397202 38790       4       org.gradle.api.internal.DefaultDomainObjectCollection::contains (11 bytes)

Stack: [0x000000dc25b00000,0x000000dc25c00000]
Native frames: (J=compiled Java code, j=interpreted, Vv=VM code, C=native code)
V  [jvm.dll+0x730829]  (no source info available)
V  [jvm.dll+0x8d9da3]  (no source info available)
V  [jvm.dll+0x8dc28d]  (no source info available)
V  [jvm.dll+0x8dc903]  (no source info available)
V  [jvm.dll+0x2a9f56]  (no source info available)
V  [jvm.dll+0xced7f]  (no source info available)
V  [jvm.dll+0xcefdf]  (no source info available)
V  [jvm.dll+0x154c83]  (no source info available)
V  [jvm.dll+0x73604f]  (no source info available)
V  [jvm.dll+0x26f8dc]  (no source info available)
V  [jvm.dll+0x26e8ff]  (no source info available)
V  [jvm.dll+0x1e9c90]  (no source info available)
V  [jvm.dll+0x27e0cb]  (no source info available)
V  [jvm.dll+0x27c36a]  (no source info available)
V  [jvm.dll+0x42f396]  (no source info available)
V  [jvm.dll+0x87d9eb]  (no source info available)
V  [jvm.dll+0x72ef45]  (no source info available)
C  [ucrtbase.dll+0x2cd30]  (no source info available)
C  [KERNEL32.DLL+0x2e957]  (no source info available)
C  [ntdll.dll+0xaad6c]  (no source info available)

Lock stack of current Java thread (top to bottom):


---------------  P R O C E S S  ---------------

Threads class SMR info:
_java_thread_list=0x000002dba7b4dd60, length=197, elements={
0x000002db7c936640, 0x000002db7f502600, 0x000002db7f502d40, 0x000002db7f50a9f0,
0x000002db7f50b520, 0x000002db7f50e470, 0x000002db328120a0, 0x000002db32812f00,
0x000002db32813bb0, 0x000002db329b3cc0, 0x000002db32aaaf10, 0x000002db7ffde9e0,
0x000002db78d02b70, 0x000002db800069a0, 0x000002db8003d2c0, 0x000002db8003cb70,
0x000002db801160b0, 0x000002db80119b30, 0x000002db80116800, 0x000002db8011a9d0,
0x000002db80118540, 0x000002db8011a280, 0x000002db8011bfc0, 0x000002db8011c710,
0x000002db8011ce60, 0x000002db78496240, 0x000002db78495af0, 0x000002db78497830,
0x000002db78494500, 0x000002db784970e0, 0x000002db78496990, 0x000002db78494c50,
0x000002db780406c0, 0x000002db80ccafa0, 0x000002db80ccea20, 0x000002db80ccbe40,
0x000002db80cccce0, 0x000002dba8e3e200, 0x000002dba16e57e0, 0x000002dba16d6690,
0x000002dba16d83d0, 0x000002dba16f0eb0, 0x000002db8377b230, 0x000002db82f94330,
0x000002db8003b580, 0x000002dba8e51c70, 0x000002db78497f80, 0x000002db78498e20,
0x000002db78499570, 0x000002dba8e41c80, 0x000002dba8e423d0, 0x000002dba8e43270,
0x000002dba8e42b20, 0x000002dba8e439c0, 0x000002dba8e40690, 0x000002dba8e46cf0,
0x000002dba8e465a0, 0x000002dba8e45700, 0x000002dba8e44110, 0x000002dba8e45e50,
0x000002dba8e44860, 0x000002dba8e44fb0, 0x000002dba8e47440, 0x000002dba8e498d0,
0x000002dba8e4a020, 0x000002dba8e47b90, 0x000002dba8e4a770, 0x000002dba8e4aec0,
0x000002dba8e4b610, 0x000002dba8e482e0, 0x000002dba8e4bd60, 0x000002dba8e48a30,
0x000002dba8e4c4b0, 0x000002dba8e49180, 0x000002dba8e4daa0, 0x000002dba8e50680,
0x000002dba8e4d350, 0x000002dba8e50dd0, 0x000002dba8e4e1f0, 0x000002dba8e4e940,
0x000002dba8e523c0, 0x000002dba8e52b10, 0x000002dba8e53260, 0x000002dba8e4ff30,
0x000002dba8e556f0, 0x000002dba8e55e40, 0x000002dba8e54fa0, 0x000002dba8e56590,
0x000002dba8e54850, 0x000002dba8e56ce0, 0x000002dba8e539b0, 0x000002dba8e54100,
0x000002dba16d6de0, 0x000002dba16d7530, 0x000002dba16d50a0, 0x000002dba16da110,
0x000002dba16d8b20, 0x000002dba16d9270, 0x000002dba16da860, 0x000002dba16d99c0,
0x000002dba16dafb0, 0x000002dba16e5f30, 0x000002dba16e5090, 0x000002dba16e2c00,
0x000002dba16e7c70, 0x000002dba16e83c0, 0x000002dba16e9260, 0x000002dba16e8b10,
0x000002dba16e99b0, 0x000002dba16e6680, 0x000002dba16e7520, 0x000002dba16e6dd0,
0x000002dba16eb6f0, 0x000002dba16ed430, 0x000002dba16ea100, 0x000002dba16ec590,
0x000002dba16ebe40, 0x000002dba16edb80, 0x000002dba16ea850, 0x000002dba16ee2d0,
0x000002dba16ecce0, 0x000002dba16eafa0, 0x000002dba16f1600, 0x000002dba16f1d50,
0x000002dba16eea20, 0x000002dba16ef170, 0x000002dba16f0760, 0x000002dba16ef8c0,
0x000002dba16f0010, 0x000002dba16f3a90, 0x000002dba16f3340, 0x000002dba16f41e0,
0x000002dba16f24a0, 0x000002dba16f2bf0, 0x000002db83778650, 0x000002db83777060,
0x000002db837794f0, 0x000002db8377aae0, 0x000002db8377c0d0, 0x000002db83778da0,
0x000002db8377c820, 0x000002db8377cf70, 0x000002db8377f400, 0x000002db8377fb50,
0x000002db8377d6c0, 0x000002db837809f0, 0x000002db837802a0, 0x000002db83781140,
0x000002db8377de10, 0x000002db8377e560, 0x000002db83781890, 0x000002db8377ecb0,
0x000002db83784bc0, 0x000002db83781fe0, 0x000002db83785a60, 0x000002db83782e80,
0x000002db7803cc40, 0x000002db7803a7b0, 0x000002db7803af00, 0x000002db7803b650,
0x000002db7803bda0, 0x000002db7803c4f0, 0x000002db7803d390, 0x000002db7803a060,
0x000002db78040e10, 0x000002db7803f820, 0x000002db7803dae0, 0x000002db78041560,
0x000002db7803e980, 0x000002db7803f0d0, 0x000002db7803ff70, 0x000002dba13ed660,
0x000002dba13eb1d0, 0x000002dba13eaa80, 0x000002dba13eb920, 0x000002dba13ec070,
0x000002dba13efaf0, 0x000002dba13ec7c0, 0x000002dba13f0240, 0x000002dba13ecf10,
0x000002dba13f0990, 0x000002dba13f2e20, 0x000002db82a50650, 0x000002db82a52390,
0x000002db82a53230, 0x000002db82a51c40, 0x000002db82a4ff00, 0x000002db82a53980,
0x000002db8003ae30, 0x000002db8003c420, 0x000002db8003bcd0, 0x000002db80039f90,
0x000002db8003a6e0, 0x000002db801176a0, 0x000002db8011b870, 0x000002db8011d5b0,
0x000002db80ccdb80
}

Java Threads: ( => current thread )
  0x000002db7c936640 JavaThread "main"                              [_thread_blocked, id=32192, stack(0x000000dc24d00000,0x000000dc24e00000) (1024K)]
  0x000002db7f502600 JavaThread "Reference Handler"          daemon [_thread_blocked, id=31896, stack(0x000000dc25500000,0x000000dc25600000) (1024K)]
  0x000002db7f502d40 JavaThread "Finalizer"                  daemon [_thread_blocked, id=36176, stack(0x000000dc25600000,0x000000dc25700000) (1024K)]
  0x000002db7f50a9f0 JavaThread "Signal Dispatcher"          daemon [_thread_blocked, id=13456, stack(0x000000dc25700000,0x000000dc25800000) (1024K)]
  0x000002db7f50b520 JavaThread "Attach Listener"            daemon [_thread_blocked, id=28332, stack(0x000000dc25800000,0x000000dc25900000) (1024K)]
  0x000002db7f50e470 JavaThread "Service Thread"             daemon [_thread_blocked, id=36508, stack(0x000000dc25900000,0x000000dc25a00000) (1024K)]
  0x000002db328120a0 JavaThread "Monitor Deflation Thread"   daemon [_thread_blocked, id=27704, stack(0x000000dc25a00000,0x000000dc25b00000) (1024K)]
=>0x000002db32812f00 JavaThread "C2 CompilerThread0"         daemon [_thread_in_native, id=26432, stack(0x000000dc25b00000,0x000000dc25c00000) (1024K)]
  0x000002db32813bb0 JavaThread "C1 CompilerThread0"         daemon [_thread_blocked, id=34332, stack(0x000000dc25c00000,0x000000dc25d00000) (1024K)]
  0x000002db329b3cc0 JavaThread "Common-Cleaner"             daemon [_thread_blocked, id=20336, stack(0x000000dc25e00000,0x000000dc25f00000) (1024K)]
  0x000002db32aaaf10 JavaThread "Notification Thread"        daemon [_thread_blocked, id=23388, stack(0x000000dc25f00000,0x000000dc26000000) (1024K)]
  0x000002db7ffde9e0 JavaThread "Daemon health stats"               [_thread_blocked, id=6900, stack(0x000000dc26300000,0x000000dc26400000) (1024K)]
  0x000002db78d02b70 JavaThread "Incoming local TCP Connector on port 65246"        [_thread_in_native, id=6944, stack(0x000000dc26000000,0x000000dc26100000) (1024K)]
  0x000002db800069a0 JavaThread "Daemon periodic checks"            [_thread_blocked, id=34324, stack(0x000000dc26400000,0x000000dc26500000) (1024K)]
  0x000002db8003d2c0 JavaThread "Cache worker for journal cache (C:\Users\feriska\.gradle\caches\journal-1)"        [_thread_blocked, id=32800, stack(0x000000dc27200000,0x000000dc27300000) (1024K)]
  0x000002db8003cb70 JavaThread "File lock request listener"        [_thread_in_native, id=34400, stack(0x000000dc27300000,0x000000dc27400000) (1024K)]
  0x000002db801160b0 JavaThread "Cache worker for file hash cache (C:\Users\feriska\.gradle\caches\9.1.0\fileHashes)"        [_thread_blocked, id=21072, stack(0x000000dc27400000,0x000000dc27500000) (1024K)]
  0x000002db80119b30 JavaThread "File watcher server"        daemon [_thread_in_native, id=8648, stack(0x000000dc27900000,0x000000dc27a00000) (1024K)]
  0x000002db80116800 JavaThread "File watcher consumer"      daemon [_thread_blocked, id=4112, stack(0x000000dc27a00000,0x000000dc27b00000) (1024K)]
  0x000002db8011a9d0 JavaThread "jar transforms"                    [_thread_blocked, id=22248, stack(0x000000dc27b00000,0x000000dc27c00000) (1024K)]
  0x000002db80118540 JavaThread "jar transforms Thread 2"           [_thread_blocked, id=16328, stack(0x000000dc27c00000,0x000000dc27d00000) (1024K)]
  0x000002db8011a280 JavaThread "jar transforms Thread 3"           [_thread_blocked, id=1120, stack(0x000000dc27d00000,0x000000dc27e00000) (1024K)]
  0x000002db8011bfc0 JavaThread "Cache worker for file content cache (C:\Users\feriska\.gradle\caches\9.1.0\fileContent)"        [_thread_blocked, id=13224, stack(0x000000dc28000000,0x000000dc28100000) (1024K)]
  0x000002db8011c710 JavaThread "jar transforms Thread 4"           [_thread_blocked, id=20416, stack(0x000000dc28300000,0x000000dc28400000) (1024K)]
  0x000002db8011ce60 JavaThread "jar transforms Thread 5"           [_thread_blocked, id=22360, stack(0x000000dc28400000,0x000000dc28500000) (1024K)]
  0x000002db78496240 JavaThread "jar transforms Thread 6"           [_thread_blocked, id=33292, stack(0x000000dc28500000,0x000000dc28600000) (1024K)]
  0x000002db78495af0 JavaThread "jar transforms Thread 7"           [_thread_blocked, id=13108, stack(0x000000dc28600000,0x000000dc28700000) (1024K)]
  0x000002db78497830 JavaThread "jar transforms Thread 8"           [_thread_blocked, id=37800, stack(0x000000dc28700000,0x000000dc28800000) (1024K)]
  0x000002db78494500 JavaThread "jar transforms Thread 9"           [_thread_blocked, id=25124, stack(0x000000dc28800000,0x000000dc28900000) (1024K)]
  0x000002db784970e0 JavaThread "jar transforms Thread 10"          [_thread_blocked, id=18924, stack(0x000000dc28900000,0x000000dc28a00000) (1024K)]
  0x000002db78496990 JavaThread "jar transforms Thread 11"          [_thread_blocked, id=29124, stack(0x000000dc28a00000,0x000000dc28b00000) (1024K)]
  0x000002db78494c50 JavaThread "jar transforms Thread 12"          [_thread_blocked, id=3560, stack(0x000000dc28b00000,0x000000dc28c00000) (1024K)]
  0x000002db780406c0 JavaThread "Memory manager"                    [_thread_blocked, id=12808, stack(0x000000dc2ae00000,0x000000dc2af00000) (1024K)]
  0x000002db80ccafa0 JavaThread "RMI Scheduler(0)"           daemon [_thread_blocked, id=22180, stack(0x000000dc28c00000,0x000000dc28d00000) (1024K)]
  0x000002db80ccea20 JavaThread "RMI GC Daemon"              daemon [_thread_blocked, id=36980, stack(0x000000dc2e200000,0x000000dc2e300000) (1024K)]
  0x000002db80ccbe40 JavaThread "RMI TCP Accept-0"           daemon [_thread_in_native, id=24868, stack(0x000000dc2e300000,0x000000dc2e400000) (1024K)]
  0x000002db80cccce0 JavaThread "RMI Reaper"                        [_thread_blocked, id=24036, stack(0x000000dc2e400000,0x000000dc2e500000) (1024K)]
  0x000002dba8e3e200 JavaThread "pool-3-thread-1"                   [_thread_blocked, id=18440, stack(0x000000dc31a00000,0x000000dc31b00000) (1024K)]
  0x000002dba16e57e0 JavaThread "pool-6-thread-1"                   [_thread_blocked, id=16336, stack(0x000000dc24a00000,0x000000dc24b00000) (1024K)]
  0x000002dba16d6690 JavaThread "Daemon Thread 2"                   [_thread_blocked, id=15732, stack(0x000000dc24b00000,0x000000dc24c00000) (1024K)]
  0x000002dba16d83d0 JavaThread "Daemon worker Thread 2"            [_thread_in_Java, id=18732, stack(0x000000dc26500000,0x000000dc26600000) (1024K)]
  0x000002dba16f0eb0 JavaThread "included builds"                   [_thread_blocked, id=13796, stack(0x000000dc2a400000,0x000000dc2a500000) (1024K)]
  0x000002db8377b230 JavaThread "RMI TCP Connection(idle)"   daemon [_thread_blocked, id=17660, stack(0x000000dc2e500000,0x000000dc2e600000) (1024K)]
  0x000002db82f94330 JavaThread "pool-9-thread-1"                   [_thread_blocked, id=35948, stack(0x000000dc31300000,0x000000dc31400000) (1024K)]
  0x000002db8003b580 JavaThread "VFS cleanup Thread 3"              [_thread_blocked, id=36696, stack(0x000000dc26600000,0x000000dc26700000) (1024K)]
  0x000002dba8e51c70 JavaThread "included builds"                   [_thread_blocked, id=26564, stack(0x000000dc2a600000,0x000000dc2a700000) (1024K)]
  0x000002db78497f80 JavaThread "pool-12-thread-1"                  [_thread_blocked, id=9664, stack(0x000000dc31f00000,0x000000dc32000000) (1024K)]
  0x000002db78498e20 JavaThread "Handler for socket connection from /127.0.0.1:65246 to /127.0.0.1:59698"        [_thread_in_native, id=19880, stack(0x000000dc24c00000,0x000000dc24d00000) (1024K)]
  0x000002db78499570 JavaThread "Cancel handler"                    [_thread_blocked, id=26668, stack(0x000000dc25d00000,0x000000dc25e00000) (1024K)]
  0x000002dba8e41c80 JavaThread "Asynchronous log dispatcher for DefaultDaemonConnection: socket connection from /127.0.0.1:65246 to /127.0.0.1:59698"        [_thread_blocked, id=5776, stack(0x000000dc26700000,0x000000dc26800000) (1024K)]
  0x000002dba8e423d0 JavaThread "Stdin handler"                     [_thread_blocked, id=23324, stack(0x000000dc26800000,0x000000dc26900000) (1024K)]
  0x000002dba8e43270 JavaThread "Daemon client event forwarder"        [_thread_in_native, id=25200, stack(0x000000dc26a00000,0x000000dc26b00000) (1024K)]
  0x000002dba8e42b20 JavaThread "Cache worker for file hash cache (C:\laragon\www\upsend\upsend_karyawan\android\.gradle\9.1.0\fileHashes)"        [_thread_blocked, id=29284, stack(0x000000dc26b00000,0x000000dc26c00000) (1024K)]
  0x000002dba8e439c0 JavaThread "Cache worker for Build Output Cleanup Cache (C:\laragon\www\upsend\upsend_karyawan\android\.gradle\buildOutputCleanup)"        [_thread_blocked, id=33100, stack(0x000000dc27500000,0x000000dc27600000) (1024K)]
  0x000002dba8e40690 JavaThread "Cache worker for checksums cache (C:\laragon\www\upsend\upsend_karyawan\android\.gradle\9.1.0\checksums)"        [_thread_blocked, id=10896, stack(0x000000dc27800000,0x000000dc27900000) (1024K)]
  0x000002dba8e46cf0 JavaThread "Cache worker for cache directory md-supplier (C:\Users\feriska\.gradle\caches\9.1.0\md-supplier)"        [_thread_blocked, id=30780, stack(0x000000dc27e00000,0x000000dc27f00000) (1024K)]
  0x000002dba8e465a0 JavaThread "Cache worker for cache directory md-rule (C:\Users\feriska\.gradle\caches\9.1.0\md-rule)"        [_thread_blocked, id=32692, stack(0x000000dc28200000,0x000000dc28300000) (1024K)]
  0x000002dba8e45700 JavaThread "Cache worker for Build Output Cleanup Cache (C:\Program Files\flutter\packages\flutter_tools\gradle\.gradle\buildOutputCleanup)"        [_thread_blocked, id=22800, stack(0x000000dc28d00000,0x000000dc28e00000) (1024K)]
  0x000002dba8e44110 JavaThread "Unconstrained build operations"        [_thread_blocked, id=21716, stack(0x000000dc28e00000,0x000000dc28f00000) (1024K)]
  0x000002dba8e45e50 JavaThread "Unconstrained build operations Thread 2"        [_thread_blocked, id=18420, stack(0x000000dc28f00000,0x000000dc29000000) (1024K)]
  0x000002dba8e44860 JavaThread "Unconstrained build operations Thread 3"        [_thread_blocked, id=16512, stack(0x000000dc29000000,0x000000dc29100000) (1024K)]
  0x000002dba8e44fb0 JavaThread "Unconstrained build operations Thread 4"        [_thread_blocked, id=17620, stack(0x000000dc29100000,0x000000dc29200000) (1024K)]
  0x000002dba8e47440 JavaThread "Unconstrained build operations Thread 5"        [_thread_blocked, id=11748, stack(0x000000dc29200000,0x000000dc29300000) (1024K)]
  0x000002dba8e498d0 JavaThread "Unconstrained build operations Thread 6"        [_thread_blocked, id=25316, stack(0x000000dc29300000,0x000000dc29400000) (1024K)]
  0x000002dba8e4a020 JavaThread "Unconstrained build operations Thread 7"        [_thread_blocked, id=17232, stack(0x000000dc29400000,0x000000dc29500000) (1024K)]
  0x000002dba8e47b90 JavaThread "Unconstrained build operations Thread 8"        [_thread_blocked, id=13252, stack(0x000000dc29500000,0x000000dc29600000) (1024K)]
  0x000002dba8e4a770 JavaThread "Unconstrained build operations Thread 9"        [_thread_blocked, id=3820, stack(0x000000dc29600000,0x000000dc29700000) (1024K)]
  0x000002dba8e4aec0 JavaThread "Unconstrained build operations Thread 10"        [_thread_blocked, id=1772, stack(0x000000dc29700000,0x000000dc29800000) (1024K)]
  0x000002dba8e4b610 JavaThread "Unconstrained build operations Thread 11"        [_thread_blocked, id=36732, stack(0x000000dc29800000,0x000000dc29900000) (1024K)]
  0x000002dba8e482e0 JavaThread "Unconstrained build operations Thread 12"        [_thread_blocked, id=37760, stack(0x000000dc29900000,0x000000dc29a00000) (1024K)]
  0x000002dba8e4bd60 JavaThread "Unconstrained build operations Thread 13"        [_thread_blocked, id=23240, stack(0x000000dc29a00000,0x000000dc29b00000) (1024K)]
  0x000002dba8e48a30 JavaThread "Unconstrained build operations Thread 14"        [_thread_blocked, id=13952, stack(0x000000dc29b00000,0x000000dc29c00000) (1024K)]
  0x000002dba8e4c4b0 JavaThread "Unconstrained build operations Thread 15"        [_thread_blocked, id=4800, stack(0x000000dc29c00000,0x000000dc29d00000) (1024K)]
  0x000002dba8e49180 JavaThread "Unconstrained build operations Thread 16"        [_thread_blocked, id=3332, stack(0x000000dc29d00000,0x000000dc29e00000) (1024K)]
  0x000002dba8e4daa0 JavaThread "Unconstrained build operations Thread 17"        [_thread_blocked, id=17168, stack(0x000000dc29e00000,0x000000dc29f00000) (1024K)]
  0x000002dba8e50680 JavaThread "Unconstrained build operations Thread 18"        [_thread_blocked, id=6096, stack(0x000000dc29f00000,0x000000dc2a000000) (1024K)]
  0x000002dba8e4d350 JavaThread "Unconstrained build operations Thread 19"        [_thread_blocked, id=18652, stack(0x000000dc2a000000,0x000000dc2a100000) (1024K)]
  0x000002dba8e50dd0 JavaThread "Unconstrained build operations Thread 20"        [_thread_blocked, id=33552, stack(0x000000dc2a100000,0x000000dc2a200000) (1024K)]
  0x000002dba8e4e1f0 JavaThread "Unconstrained build operations Thread 21"        [_thread_blocked, id=29096, stack(0x000000dc2a200000,0x000000dc2a300000) (1024K)]
  0x000002dba8e4e940 JavaThread "Unconstrained build operations Thread 22"        [_thread_blocked, id=32284, stack(0x000000dc2a300000,0x000000dc2a400000) (1024K)]
  0x000002dba8e523c0 JavaThread "build event listener"              [_thread_blocked, id=19076, stack(0x000000dc2a500000,0x000000dc2a600000) (1024K)]
  0x000002dba8e52b10 JavaThread "included builds"                   [_thread_blocked, id=36468, stack(0x000000dc2a700000,0x000000dc2a800000) (1024K)]
  0x000002dba8e53260 JavaThread "Execution worker"                  [_thread_blocked, id=27380, stack(0x000000dc2a800000,0x000000dc2a900000) (1024K)]
  0x000002dba8e4ff30 JavaThread "Execution worker Thread 2"         [_thread_blocked, id=3392, stack(0x000000dc2a900000,0x000000dc2aa00000) (1024K)]
  0x000002dba8e556f0 JavaThread "Execution worker Thread 3"         [_thread_blocked, id=26376, stack(0x000000dc2aa00000,0x000000dc2ab00000) (1024K)]
  0x000002dba8e55e40 JavaThread "Execution worker Thread 4"         [_thread_blocked, id=18744, stack(0x000000dc2ab00000,0x000000dc2ac00000) (1024K)]
  0x000002dba8e54fa0 JavaThread "Execution worker Thread 5"         [_thread_blocked, id=25392, stack(0x000000dc2ac00000,0x000000dc2ad00000) (1024K)]
  0x000002dba8e56590 JavaThread "Execution worker Thread 6"         [_thread_blocked, id=1472, stack(0x000000dc2ad00000,0x000000dc2ae00000) (1024K)]
  0x000002dba8e54850 JavaThread "Execution worker Thread 7"         [_thread_blocked, id=21036, stack(0x000000dc2af00000,0x000000dc2b000000) (1024K)]
  0x000002dba8e56ce0 JavaThread "Execution worker Thread 8"         [_thread_blocked, id=36212, stack(0x000000dc2b000000,0x000000dc2b100000) (1024K)]
  0x000002dba8e539b0 JavaThread "Execution worker Thread 9"         [_thread_blocked, id=20708, stack(0x000000dc2b100000,0x000000dc2b200000) (1024K)]
  0x000002dba8e54100 JavaThread "Execution worker Thread 10"        [_thread_blocked, id=22524, stack(0x000000dc2b200000,0x000000dc2b300000) (1024K)]
  0x000002dba16d6de0 JavaThread "Execution worker Thread 11"        [_thread_blocked, id=20756, stack(0x000000dc2b300000,0x000000dc2b400000) (1024K)]
  0x000002dba16d7530 JavaThread "Cache worker for execution history cache (C:\Program Files\flutter\packages\flutter_tools\gradle\.gradle\9.1.0\executionHistory)"        [_thread_blocked, id=29464, stack(0x000000dc2b400000,0x000000dc2b500000) (1024K)]
  0x000002dba16d50a0 JavaThread "Unconstrained build operations Thread 23"        [_thread_blocked, id=1108, stack(0x000000dc2b500000,0x000000dc2b600000) (1024K)]
  0x000002dba16da110 JavaThread "Unconstrained build operations Thread 24"        [_thread_blocked, id=24828, stack(0x000000dc2b600000,0x000000dc2b700000) (1024K)]
  0x000002dba16d8b20 JavaThread "Unconstrained build operations Thread 25"        [_thread_blocked, id=1804, stack(0x000000dc2b700000,0x000000dc2b800000) (1024K)]
  0x000002dba16d9270 JavaThread "Unconstrained build operations Thread 26"        [_thread_blocked, id=4664, stack(0x000000dc2b800000,0x000000dc2b900000) (1024K)]
  0x000002dba16da860 JavaThread "Unconstrained build operations Thread 27"        [_thread_blocked, id=37376, stack(0x000000dc2b900000,0x000000dc2ba00000) (1024K)]
  0x000002dba16d99c0 JavaThread "Unconstrained build operations Thread 28"        [_thread_blocked, id=8488, stack(0x000000dc2ba00000,0x000000dc2bb00000) (1024K)]
  0x000002dba16dafb0 JavaThread "Unconstrained build operations Thread 29"        [_thread_blocked, id=25400, stack(0x000000dc2bb00000,0x000000dc2bc00000) (1024K)]
  0x000002dba16e5f30 JavaThread "Unconstrained build operations Thread 30"        [_thread_blocked, id=26824, stack(0x000000dc2bc00000,0x000000dc2bd00000) (1024K)]
  0x000002dba16e5090 JavaThread "Unconstrained build operations Thread 31"        [_thread_blocked, id=31836, stack(0x000000dc2bd00000,0x000000dc2be00000) (1024K)]
  0x000002dba16e2c00 JavaThread "Unconstrained build operations Thread 32"        [_thread_blocked, id=32460, stack(0x000000dc2be00000,0x000000dc2bf00000) (1024K)]
  0x000002dba16e7c70 JavaThread "Unconstrained build operations Thread 33"        [_thread_blocked, id=37608, stack(0x000000dc2bf00000,0x000000dc2c000000) (1024K)]
  0x000002dba16e83c0 JavaThread "Unconstrained build operations Thread 34"        [_thread_blocked, id=30240, stack(0x000000dc2c000000,0x000000dc2c100000) (1024K)]
  0x000002dba16e9260 JavaThread "Unconstrained build operations Thread 35"        [_thread_blocked, id=22648, stack(0x000000dc2c100000,0x000000dc2c200000) (1024K)]
  0x000002dba16e8b10 JavaThread "Unconstrained build operations Thread 36"        [_thread_blocked, id=37432, stack(0x000000dc2c200000,0x000000dc2c300000) (1024K)]
  0x000002dba16e99b0 JavaThread "Unconstrained build operations Thread 37"        [_thread_blocked, id=32688, stack(0x000000dc2c300000,0x000000dc2c400000) (1024K)]
  0x000002dba16e6680 JavaThread "Unconstrained build operations Thread 38"        [_thread_blocked, id=28560, stack(0x000000dc2c400000,0x000000dc2c500000) (1024K)]
  0x000002dba16e7520 JavaThread "Unconstrained build operations Thread 39"        [_thread_blocked, id=13672, stack(0x000000dc2c500000,0x000000dc2c600000) (1024K)]
  0x000002dba16e6dd0 JavaThread "Unconstrained build operations Thread 40"        [_thread_blocked, id=20424, stack(0x000000dc2c600000,0x000000dc2c700000) (1024K)]
  0x000002dba16eb6f0 JavaThread "Unconstrained build operations Thread 41"        [_thread_blocked, id=33436, stack(0x000000dc2c700000,0x000000dc2c800000) (1024K)]
  0x000002dba16ed430 JavaThread "Unconstrained build operations Thread 42"        [_thread_blocked, id=25088, stack(0x000000dc2c800000,0x000000dc2c900000) (1024K)]
  0x000002dba16ea100 JavaThread "Unconstrained build operations Thread 43"        [_thread_blocked, id=23992, stack(0x000000dc2c900000,0x000000dc2ca00000) (1024K)]
  0x000002dba16ec590 JavaThread "Unconstrained build operations Thread 44"        [_thread_blocked, id=20844, stack(0x000000dc2ca00000,0x000000dc2cb00000) (1024K)]
  0x000002dba16ebe40 JavaThread "Unconstrained build operations Thread 45"        [_thread_blocked, id=35952, stack(0x000000dc2cb00000,0x000000dc2cc00000) (1024K)]
  0x000002dba16edb80 JavaThread "Unconstrained build operations Thread 46"        [_thread_blocked, id=26712, stack(0x000000dc2cc00000,0x000000dc2cd00000) (1024K)]
  0x000002dba16ea850 JavaThread "Unconstrained build operations Thread 47"        [_thread_blocked, id=37348, stack(0x000000dc2cd00000,0x000000dc2ce00000) (1024K)]
  0x000002dba16ee2d0 JavaThread "Unconstrained build operations Thread 48"        [_thread_blocked, id=15948, stack(0x000000dc2ce00000,0x000000dc2cf00000) (1024K)]
  0x000002dba16ecce0 JavaThread "Unconstrained build operations Thread 49"        [_thread_blocked, id=30864, stack(0x000000dc2cf00000,0x000000dc2d000000) (1024K)]
  0x000002dba16eafa0 JavaThread "Unconstrained build operations Thread 50"        [_thread_blocked, id=19152, stack(0x000000dc2d000000,0x000000dc2d100000) (1024K)]
  0x000002dba16f1600 JavaThread "Unconstrained build operations Thread 51"        [_thread_blocked, id=29308, stack(0x000000dc2d100000,0x000000dc2d200000) (1024K)]
  0x000002dba16f1d50 JavaThread "Unconstrained build operations Thread 52"        [_thread_blocked, id=2544, stack(0x000000dc2d200000,0x000000dc2d300000) (1024K)]
  0x000002dba16eea20 JavaThread "Unconstrained build operations Thread 53"        [_thread_blocked, id=36180, stack(0x000000dc2d300000,0x000000dc2d400000) (1024K)]
  0x000002dba16ef170 JavaThread "Unconstrained build operations Thread 54"        [_thread_blocked, id=24556, stack(0x000000dc2d400000,0x000000dc2d500000) (1024K)]
  0x000002dba16f0760 JavaThread "Unconstrained build operations Thread 55"        [_thread_blocked, id=25212, stack(0x000000dc2d500000,0x000000dc2d600000) (1024K)]
  0x000002dba16ef8c0 JavaThread "Unconstrained build operations Thread 56"        [_thread_blocked, id=15968, stack(0x000000dc2d600000,0x000000dc2d700000) (1024K)]
  0x000002dba16f0010 JavaThread "Unconstrained build operations Thread 57"        [_thread_blocked, id=37740, stack(0x000000dc2d700000,0x000000dc2d800000) (1024K)]
  0x000002dba16f3a90 JavaThread "Unconstrained build operations Thread 58"        [_thread_blocked, id=37444, stack(0x000000dc2d800000,0x000000dc2d900000) (1024K)]
  0x000002dba16f3340 JavaThread "Unconstrained build operations Thread 59"        [_thread_blocked, id=21424, stack(0x000000dc2d900000,0x000000dc2da00000) (1024K)]
  0x000002dba16f41e0 JavaThread "Unconstrained build operations Thread 60"        [_thread_blocked, id=35940, stack(0x000000dc2da00000,0x000000dc2db00000) (1024K)]
  0x000002dba16f24a0 JavaThread "Unconstrained build operations Thread 61"        [_thread_blocked, id=17528, stack(0x000000dc2db00000,0x000000dc2dc00000) (1024K)]
  0x000002dba16f2bf0 JavaThread "Unconstrained build operations Thread 62"        [_thread_blocked, id=6720, stack(0x000000dc2dc00000,0x000000dc2dd00000) (1024K)]
  0x000002db83778650 JavaThread "Unconstrained build operations Thread 63"        [_thread_blocked, id=34212, stack(0x000000dc2dd00000,0x000000dc2de00000) (1024K)]
  0x000002db83777060 JavaThread "Unconstrained build operations Thread 64"        [_thread_blocked, id=37512, stack(0x000000dc2de00000,0x000000dc2df00000) (1024K)]
  0x000002db837794f0 JavaThread "Unconstrained build operations Thread 65"        [_thread_blocked, id=30328, stack(0x000000dc2df00000,0x000000dc2e000000) (1024K)]
  0x000002db8377aae0 JavaThread "Unconstrained build operations Thread 66"        [_thread_blocked, id=36124, stack(0x000000dc2e000000,0x000000dc2e100000) (1024K)]
  0x000002db8377c0d0 JavaThread "Unconstrained build operations Thread 67"        [_thread_blocked, id=19704, stack(0x000000dc2e100000,0x000000dc2e200000) (1024K)]
  0x000002db83778da0 JavaThread "Unconstrained build operations Thread 68"        [_thread_blocked, id=27428, stack(0x000000dc2e600000,0x000000dc2e700000) (1024K)]
  0x000002db8377c820 JavaThread "build event listener"              [_thread_blocked, id=22776, stack(0x000000dc2e700000,0x000000dc2e800000) (1024K)]
  0x000002db8377cf70 JavaThread "build event listener"              [_thread_blocked, id=17352, stack(0x000000dc2e800000,0x000000dc2e900000) (1024K)]
  0x000002db8377f400 JavaThread "Problems report writer"            [_thread_blocked, id=15972, stack(0x000000dc2e900000,0x000000dc2ea00000) (1024K)]
  0x000002db8377fb50 JavaThread "Unconstrained build operations Thread 69"        [_thread_blocked, id=15560, stack(0x000000dc2ea00000,0x000000dc2eb00000) (1024K)]
  0x000002db8377d6c0 JavaThread "Unconstrained build operations Thread 70"        [_thread_blocked, id=34028, stack(0x000000dc2eb00000,0x000000dc2ec00000) (1024K)]
  0x000002db837809f0 JavaThread "Unconstrained build operations Thread 71"        [_thread_blocked, id=24116, stack(0x000000dc2ec00000,0x000000dc2ed00000) (1024K)]
  0x000002db837802a0 JavaThread "Unconstrained build operations Thread 72"        [_thread_blocked, id=16376, stack(0x000000dc2ed00000,0x000000dc2ee00000) (1024K)]
  0x000002db83781140 JavaThread "Unconstrained build operations Thread 73"        [_thread_blocked, id=35440, stack(0x000000dc2ee00000,0x000000dc2ef00000) (1024K)]
  0x000002db8377de10 JavaThread "Unconstrained build operations Thread 74"        [_thread_blocked, id=28180, stack(0x000000dc2ef00000,0x000000dc2f000000) (1024K)]
  0x000002db8377e560 JavaThread "Unconstrained build operations Thread 75"        [_thread_blocked, id=29956, stack(0x000000dc2f000000,0x000000dc2f100000) (1024K)]
  0x000002db83781890 JavaThread "Unconstrained build operations Thread 76"        [_thread_blocked, id=22844, stack(0x000000dc2f100000,0x000000dc2f200000) (1024K)]
  0x000002db8377ecb0 JavaThread "Unconstrained build operations Thread 77"        [_thread_blocked, id=32676, stack(0x000000dc2f200000,0x000000dc2f300000) (1024K)]
  0x000002db83784bc0 JavaThread "Unconstrained build operations Thread 78"        [_thread_blocked, id=36428, stack(0x000000dc2f300000,0x000000dc2f400000) (1024K)]
  0x000002db83781fe0 JavaThread "Unconstrained build operations Thread 79"        [_thread_blocked, id=10280, stack(0x000000dc2f400000,0x000000dc2f500000) (1024K)]
  0x000002db83785a60 JavaThread "Unconstrained build operations Thread 80"        [_thread_blocked, id=16516, stack(0x000000dc2f500000,0x000000dc2f600000) (1024K)]
  0x000002db83782e80 JavaThread "Unconstrained build operations Thread 81"        [_thread_blocked, id=19556, stack(0x000000dc2f600000,0x000000dc2f700000) (1024K)]
  0x000002db7803cc40 JavaThread "Unconstrained build operations Thread 82"        [_thread_blocked, id=18704, stack(0x000000dc2f700000,0x000000dc2f800000) (1024K)]
  0x000002db7803a7b0 JavaThread "Unconstrained build operations Thread 83"        [_thread_blocked, id=32444, stack(0x000000dc2f800000,0x000000dc2f900000) (1024K)]
  0x000002db7803af00 JavaThread "Unconstrained build operations Thread 84"        [_thread_blocked, id=33424, stack(0x000000dc2f900000,0x000000dc2fa00000) (1024K)]
  0x000002db7803b650 JavaThread "Unconstrained build operations Thread 85"        [_thread_blocked, id=10244, stack(0x000000dc2fa00000,0x000000dc2fb00000) (1024K)]
  0x000002db7803bda0 JavaThread "Unconstrained build operations Thread 86"        [_thread_blocked, id=35436, stack(0x000000dc2fb00000,0x000000dc2fc00000) (1024K)]
  0x000002db7803c4f0 JavaThread "Unconstrained build operations Thread 87"        [_thread_blocked, id=24896, stack(0x000000dc2fc00000,0x000000dc2fd00000) (1024K)]
  0x000002db7803d390 JavaThread "Unconstrained build operations Thread 88"        [_thread_blocked, id=36404, stack(0x000000dc2fd00000,0x000000dc2fe00000) (1024K)]
  0x000002db7803a060 JavaThread "Unconstrained build operations Thread 89"        [_thread_blocked, id=15584, stack(0x000000dc2fe00000,0x000000dc2ff00000) (1024K)]
  0x000002db78040e10 JavaThread "Unconstrained build operations Thread 90"        [_thread_blocked, id=7460, stack(0x000000dc2ff00000,0x000000dc30000000) (1024K)]
  0x000002db7803f820 JavaThread "Unconstrained build operations Thread 91"        [_thread_blocked, id=33824, stack(0x000000dc30000000,0x000000dc30100000) (1024K)]
  0x000002db7803dae0 JavaThread "Unconstrained build operations Thread 92"        [_thread_blocked, id=35076, stack(0x000000dc30100000,0x000000dc30200000) (1024K)]
  0x000002db78041560 JavaThread "Unconstrained build operations Thread 93"        [_thread_blocked, id=24240, stack(0x000000dc30200000,0x000000dc30300000) (1024K)]
  0x000002db7803e980 JavaThread "Unconstrained build operations Thread 94"        [_thread_blocked, id=17552, stack(0x000000dc30300000,0x000000dc30400000) (1024K)]
  0x000002db7803f0d0 JavaThread "Unconstrained build operations Thread 95"        [_thread_blocked, id=29128, stack(0x000000dc30400000,0x000000dc30500000) (1024K)]
  0x000002db7803ff70 JavaThread "Unconstrained build operations Thread 96"        [_thread_blocked, id=9508, stack(0x000000dc30500000,0x000000dc30600000) (1024K)]
  0x000002dba13ed660 JavaThread "Unconstrained build operations Thread 97"        [_thread_blocked, id=20724, stack(0x000000dc30600000,0x000000dc30700000) (1024K)]
  0x000002dba13eb1d0 JavaThread "Unconstrained build operations Thread 98"        [_thread_blocked, id=24708, stack(0x000000dc30700000,0x000000dc30800000) (1024K)]
  0x000002dba13eaa80 JavaThread "Unconstrained build operations Thread 99"        [_thread_blocked, id=18228, stack(0x000000dc30800000,0x000000dc30900000) (1024K)]
  0x000002dba13eb920 JavaThread "Unconstrained build operations Thread 100"        [_thread_blocked, id=17596, stack(0x000000dc30900000,0x000000dc30a00000) (1024K)]
  0x000002dba13ec070 JavaThread "Unconstrained build operations Thread 101"        [_thread_blocked, id=19812, stack(0x000000dc30a00000,0x000000dc30b00000) (1024K)]
  0x000002dba13efaf0 JavaThread "Unconstrained build operations Thread 102"        [_thread_blocked, id=11708, stack(0x000000dc30b00000,0x000000dc30c00000) (1024K)]
  0x000002dba13ec7c0 JavaThread "Unconstrained build operations Thread 103"        [_thread_blocked, id=34748, stack(0x000000dc30c00000,0x000000dc30d00000) (1024K)]
  0x000002dba13f0240 JavaThread "Unconstrained build operations Thread 104"        [_thread_blocked, id=36664, stack(0x000000dc30d00000,0x000000dc30e00000) (1024K)]
  0x000002dba13ecf10 JavaThread "Unconstrained build operations Thread 105"        [_thread_blocked, id=5104, stack(0x000000dc30e00000,0x000000dc30f00000) (1024K)]
  0x000002dba13f0990 JavaThread "Unconstrained build operations Thread 106"        [_thread_blocked, id=27580, stack(0x000000dc30f00000,0x000000dc31000000) (1024K)]
  0x000002dba13f2e20 JavaThread "Unconstrained build operations Thread 107"        [_thread_blocked, id=2756, stack(0x000000dc31000000,0x000000dc31100000) (1024K)]
  0x000002db82a50650 JavaThread "Unconstrained build operations Thread 108"        [_thread_blocked, id=32524, stack(0x000000dc31100000,0x000000dc31200000) (1024K)]
  0x000002db82a52390 JavaThread "Unconstrained build operations Thread 109"        [_thread_blocked, id=37884, stack(0x000000dc31200000,0x000000dc31300000) (1024K)]
  0x000002db82a53230 JavaThread "Unconstrained build operations Thread 110"        [_thread_blocked, id=3524, stack(0x000000dc31400000,0x000000dc31500000) (1024K)]
  0x000002db82a51c40 JavaThread "Unconstrained build operations Thread 111"        [_thread_blocked, id=27396, stack(0x000000dc31500000,0x000000dc31600000) (1024K)]
  0x000002db82a4ff00 JavaThread "Unconstrained build operations Thread 112"        [_thread_blocked, id=9188, stack(0x000000dc31600000,0x000000dc31700000) (1024K)]
  0x000002db82a53980 JavaThread "Unconstrained build operations Thread 113"        [_thread_blocked, id=12892, stack(0x000000dc31700000,0x000000dc31800000) (1024K)]
  0x000002db8003ae30 JavaThread "Unconstrained build operations Thread 114"        [_thread_blocked, id=12132, stack(0x000000dc31800000,0x000000dc31900000) (1024K)]
  0x000002db8003c420 JavaThread "Unconstrained build operations Thread 115"        [_thread_blocked, id=5784, stack(0x000000dc31900000,0x000000dc31a00000) (1024K)]
  0x000002db8003bcd0 JavaThread "Unconstrained build operations Thread 116"        [_thread_blocked, id=35000, stack(0x000000dc31b00000,0x000000dc31c00000) (1024K)]
  0x000002db80039f90 JavaThread "Unconstrained build operations Thread 117"        [_thread_blocked, id=33404, stack(0x000000dc31c00000,0x000000dc31d00000) (1024K)]
  0x000002db8003a6e0 JavaThread "Unconstrained build operations Thread 118"        [_thread_blocked, id=25872, stack(0x000000dc31d00000,0x000000dc31e00000) (1024K)]
  0x000002db801176a0 JavaThread "Unconstrained build operations Thread 119"        [_thread_blocked, id=19060, stack(0x000000dc31e00000,0x000000dc31f00000) (1024K)]
  0x000002db8011b870 JavaThread "Unconstrained build operations Thread 120"        [_thread_blocked, id=37568, stack(0x000000dc32000000,0x000000dc32100000) (1024K)]
  0x000002db8011d5b0 JavaThread "pool-15-thread-1"                  [_thread_blocked, id=14816, stack(0x000000dc32100000,0x000000dc32200000) (1024K)]
  0x000002db80ccdb80 JavaThread "Cache worker for execution history cache (C:\laragon\www\upsend\upsend_karyawan\android\.gradle\9.1.0\executionHistory)"        [_thread_blocked, id=31404, stack(0x000000dc32200000,0x000000dc32300000) (1024K)]
Total: 197

Other Threads:
  0x000002db7f4f6480 VMThread "VM Thread"                           [id=17048, stack(0x000000dc25400000,0x000000dc25500000) (1024K)]
  0x000002db7f3c24b0 WatcherThread "VM Periodic Task Thread"        [id=23184, stack(0x000000dc25300000,0x000000dc25400000) (1024K)]
  0x000002db7c9e0bf0 WorkerThread "GC Thread#0"                     [id=10348, stack(0x000000dc24e00000,0x000000dc24f00000) (1024K)]
  0x000002db78e4e390 WorkerThread "GC Thread#1"                     [id=21948, stack(0x000000dc26100000,0x000000dc26200000) (1024K)]
  0x000002db78e4e740 WorkerThread "GC Thread#2"                     [id=13828, stack(0x000000dc26200000,0x000000dc26300000) (1024K)]
  0x000002db801e2870 WorkerThread "GC Thread#3"                     [id=22088, stack(0x000000dc26900000,0x000000dc26a00000) (1024K)]
  0x000002db8067f710 WorkerThread "GC Thread#4"                     [id=6644, stack(0x000000dc26c00000,0x000000dc26d00000) (1024K)]
  0x000002db806909a0 WorkerThread "GC Thread#5"                     [id=24720, stack(0x000000dc26d00000,0x000000dc26e00000) (1024K)]
  0x000002db80690240 WorkerThread "GC Thread#6"                     [id=19040, stack(0x000000dc26e00000,0x000000dc26f00000) (1024K)]
  0x000002db806905f0 WorkerThread "GC Thread#7"                     [id=23116, stack(0x000000dc26f00000,0x000000dc27000000) (1024K)]
  0x000002db80690d50 WorkerThread "GC Thread#8"                     [id=33528, stack(0x000000dc27000000,0x000000dc27100000) (1024K)]
  0x000002db80691100 WorkerThread "GC Thread#9"                     [id=37496, stack(0x000000dc27100000,0x000000dc27200000) (1024K)]
  0x000002db7c9ed900 ConcurrentGCThread "G1 Main Marker"            [id=6252, stack(0x000000dc24f00000,0x000000dc25000000) (1024K)]
  0x000002db7c9eec20 WorkerThread "G1 Conc#0"                       [id=31152, stack(0x000000dc25000000,0x000000dc25100000) (1024K)]
  0x000002db8068fe90 WorkerThread "G1 Conc#1"                       [id=22912, stack(0x000000dc27600000,0x000000dc27700000) (1024K)]
  0x000002db3297bbd0 WorkerThread "G1 Conc#2"                       [id=17820, stack(0x000000dc27700000,0x000000dc27800000) (1024K)]
  0x000002db7f3acfb0 ConcurrentGCThread "G1 Refine#0"               [id=9636, stack(0x000000dc25100000,0x000000dc25200000) (1024K)]
  0x000002db7f3ae8f0 ConcurrentGCThread "G1 Service"                [id=12176, stack(0x000000dc25200000,0x000000dc25300000) (1024K)]
Total: 18

Threads with active compile tasks:
C2 CompilerThread0  397471 38790       4       org.gradle.api.internal.DefaultDomainObjectCollection::contains (11 bytes)
Total: 1

VM state: not at safepoint (normal execution)

VM Mutex/Monitor currently owned by a thread: None

Heap address: 0x0000000600000000, size: 8192 MB, Compressed Oops mode: Zero based, Oop shift amount: 3

CDS archive(s) mapped at: [0x000002db33000000-0x000002db33d40000-0x000002db33d40000), size 13893632, SharedBaseAddress: 0x000002db33000000, ArchiveRelocationMode: 1.
Compressed class space mapped at: 0x000002db34000000-0x000002db74000000, reserved size: 1073741824
UseCompressedClassPointers 1, UseCompactObjectHeaders 0
Narrow klass pointer bits 32, Max shift 3
Narrow klass base: 0x000002db33000000, Narrow klass shift: 0
Encoding Range: [0x000002db33000000 - 0x000002dc33000000), (4294967296 bytes)
Klass Range:    [0x000002db33000000 - 0x000002db74000000), (1090519040 bytes)
Klass ID Range:  [8 - 1090519033) (1090519025)

GC Precious Log:
 CardTable entry size: 512
 Card Set container configuration: InlinePtr #cards 4 size 8 Array Of Cards #cards 32 size 80 Howl #buckets 8 coarsen threshold 7372 Howl Bitmap #cards 1024 size 144 coarsen threshold 921 Card regions per heap region 1 cards per card region 8192
 CPUs: 12 total, 12 available
 Memory: 7895M
 Large Page Support: Disabled
 NUMA Support: Disabled
 Compressed Oops: Enabled (Zero based)
 Heap Region Size: 4M
 Heap Min Capacity: 8M
 Heap Initial Capacity: 124M
 Heap Max Capacity: 8G
 Pre-touch: Disabled
 Parallel Workers: 10
 Concurrent Workers: 3
 Concurrent Refinement Workers: 10
 Periodic GC: Disabled

Heap:
 garbage-first heap   total reserved 8388608K, committed 2785280K, used 805261K [0x0000000600000000, 0x0000000800000000)
  region size 4096K, 34 young (139264K), 10 survivors (40960K)
 Metaspace       used 207983K, committed 211072K, reserved 1245184K
  class space    used 21888K, committed 23360K, reserved 1048576K

Heap Regions: E=young(eden), S=young(survivor), O=old, HS=humongous(starts), HC=humongous(continues), CS=collection set, F=free, TAMS=top-at-mark-start, PB=parsable bottom
|   0|0x0000000600000000, 0x0000000600400000, 0x0000000600400000|100%|HS|  |TAMS 0x0000000600000000| PB 0x0000000600000000| Complete |  0
|   1|0x0000000600400000, 0x0000000600800000, 0x0000000600800000|100%| O|  |TAMS 0x0000000600400000| PB 0x0000000600400000| Untracked |  0
|   2|0x0000000600800000, 0x0000000600c00000, 0x0000000600c00000|100%| O|  |TAMS 0x0000000600800000| PB 0x0000000600800000| Untracked |  0
|   3|0x0000000600c00000, 0x0000000601000000, 0x0000000601000000|100%| O|  |TAMS 0x0000000600c00000| PB 0x0000000600c00000| Untracked |  0
|   4|0x0000000601000000, 0x0000000601400000, 0x0000000601400000|100%| O|  |TAMS 0x0000000601000000| PB 0x0000000601000000| Untracked |  0
|   5|0x0000000601400000, 0x0000000601800000, 0x0000000601800000|100%| O|  |TAMS 0x0000000601400000| PB 0x0000000601400000| Untracked |  0
|   6|0x0000000601800000, 0x0000000601c00000, 0x0000000601c00000|100%| O|  |TAMS 0x0000000601800000| PB 0x0000000601800000| Untracked |  0
|   7|0x0000000601c00000, 0x0000000602000000, 0x0000000602000000|100%| O|  |TAMS 0x0000000601c00000| PB 0x0000000601c00000| Untracked |  0
|   8|0x0000000602000000, 0x0000000602400000, 0x0000000602400000|100%| O|  |TAMS 0x0000000602000000| PB 0x0000000602000000| Untracked |  0
|   9|0x0000000602400000, 0x0000000602800000, 0x0000000602800000|100%| O|  |TAMS 0x0000000602400000| PB 0x0000000602400000| Untracked |  0
|  10|0x0000000602800000, 0x0000000602c00000, 0x0000000602c00000|100%| O|  |TAMS 0x0000000602800000| PB 0x0000000602800000| Untracked |  0
|  11|0x0000000602c00000, 0x0000000603000000, 0x0000000603000000|100%| O|  |TAMS 0x0000000602c00000| PB 0x0000000602c00000| Untracked |  0
|  12|0x0000000603000000, 0x0000000603400000, 0x0000000603400000|100%| O|  |TAMS 0x0000000603000000| PB 0x0000000603000000| Untracked |  0
|  13|0x0000000603400000, 0x0000000603800000, 0x0000000603800000|100%| O|  |TAMS 0x0000000603400000| PB 0x0000000603400000| Untracked |  0
|  14|0x0000000603800000, 0x0000000603c00000, 0x0000000603c00000|100%| O|  |TAMS 0x0000000603800000| PB 0x0000000603800000| Untracked |  0
|  15|0x0000000603c00000, 0x0000000604000000, 0x0000000604000000|100%| O|  |TAMS 0x0000000603c00000| PB 0x0000000603c00000| Untracked |  0
|  16|0x0000000604000000, 0x0000000604400000, 0x0000000604400000|100%| O|  |TAMS 0x0000000604000000| PB 0x0000000604000000| Untracked |  0
|  17|0x0000000604400000, 0x0000000604800000, 0x0000000604800000|100%| O|  |TAMS 0x0000000604400000| PB 0x0000000604400000| Untracked |  0
|  18|0x0000000604800000, 0x0000000604c00000, 0x0000000604c00000|100%| O|  |TAMS 0x0000000604800000| PB 0x0000000604800000| Untracked |  0
|  19|0x0000000604c00000, 0x0000000605000000, 0x0000000605000000|100%| O|  |TAMS 0x0000000604c00000| PB 0x0000000604c00000| Untracked |  0
|  20|0x0000000605000000, 0x0000000605400000, 0x0000000605400000|100%| O|  |TAMS 0x0000000605000000| PB 0x0000000605000000| Untracked |  0
|  21|0x0000000605400000, 0x0000000605800000, 0x0000000605800000|100%| O|  |TAMS 0x0000000605400000| PB 0x0000000605400000| Untracked |  0
|  22|0x0000000605800000, 0x0000000605c00000, 0x0000000605c00000|100%| O|  |TAMS 0x0000000605800000| PB 0x0000000605800000| Untracked |  0
|  23|0x0000000605c00000, 0x0000000606000000, 0x0000000606000000|100%| O|  |TAMS 0x0000000605c00000| PB 0x0000000605c00000| Untracked |  0
|  24|0x0000000606000000, 0x0000000606400000, 0x0000000606400000|100%| O|  |TAMS 0x0000000606000000| PB 0x0000000606000000| Untracked |  0
|  25|0x0000000606400000, 0x0000000606800000, 0x0000000606800000|100%| O|  |TAMS 0x0000000606400000| PB 0x0000000606400000| Untracked |  0
|  26|0x0000000606800000, 0x0000000606c00000, 0x0000000606c00000|100%| O|  |TAMS 0x0000000606800000| PB 0x0000000606800000| Untracked |  0
|  27|0x0000000606c00000, 0x0000000607000000, 0x0000000607000000|100%| O|  |TAMS 0x0000000606c00000| PB 0x0000000606c00000| Untracked |  0
|  28|0x0000000607000000, 0x0000000607400000, 0x0000000607400000|100%| O|  |TAMS 0x0000000607000000| PB 0x0000000607000000| Untracked |  0
|  29|0x0000000607400000, 0x0000000607800000, 0x0000000607800000|100%| O|  |TAMS 0x0000000607400000| PB 0x0000000607400000| Untracked |  0
|  30|0x0000000607800000, 0x0000000607c00000, 0x0000000607c00000|100%| O|  |TAMS 0x0000000607800000| PB 0x0000000607800000| Untracked |  0
|  31|0x0000000607c00000, 0x0000000608000000, 0x0000000608000000|100%| O|  |TAMS 0x0000000607c00000| PB 0x0000000607c00000| Untracked |  0
|  32|0x0000000608000000, 0x0000000608400000, 0x0000000608400000|100%| O|  |TAMS 0x0000000608000000| PB 0x0000000608000000| Untracked |  0
|  33|0x0000000608400000, 0x0000000608800000, 0x0000000608800000|100%| O|  |TAMS 0x0000000608400000| PB 0x0000000608400000| Untracked |  0
|  34|0x0000000608800000, 0x0000000608c00000, 0x0000000608c00000|100%| O|  |TAMS 0x0000000608800000| PB 0x0000000608800000| Untracked |  0
|  35|0x0000000608c00000, 0x0000000609000000, 0x0000000609000000|100%| O|  |TAMS 0x0000000608c00000| PB 0x0000000608c00000| Untracked |  0
|  36|0x0000000609000000, 0x0000000609400000, 0x0000000609400000|100%| O|  |TAMS 0x0000000609000000| PB 0x0000000609000000| Untracked |  0
|  37|0x0000000609400000, 0x0000000609800000, 0x0000000609800000|100%| O|  |TAMS 0x0000000609400000| PB 0x0000000609400000| Untracked |  0
|  38|0x0000000609800000, 0x0000000609c00000, 0x0000000609c00000|100%| O|  |TAMS 0x0000000609800000| PB 0x0000000609800000| Untracked |  0
|  39|0x0000000609c00000, 0x000000060a000000, 0x000000060a000000|100%| O|  |TAMS 0x0000000609c00000| PB 0x0000000609c00000| Untracked |  0
|  40|0x000000060a000000, 0x000000060a400000, 0x000000060a400000|100%| O|  |TAMS 0x000000060a000000| PB 0x000000060a000000| Untracked |  0
|  41|0x000000060a400000, 0x000000060a800000, 0x000000060a800000|100%| O|  |TAMS 0x000000060a400000| PB 0x000000060a400000| Untracked |  0
|  42|0x000000060a800000, 0x000000060ac00000, 0x000000060ac00000|100%| O|  |TAMS 0x000000060a800000| PB 0x000000060a800000| Untracked |  0
|  43|0x000000060ac00000, 0x000000060b000000, 0x000000060b000000|100%| O|  |TAMS 0x000000060ac00000| PB 0x000000060ac00000| Untracked |  0
|  44|0x000000060b000000, 0x000000060b400000, 0x000000060b400000|100%| O|  |TAMS 0x000000060b000000| PB 0x000000060b000000| Untracked |  0
|  45|0x000000060b400000, 0x000000060b800000, 0x000000060b800000|100%| O|  |TAMS 0x000000060b400000| PB 0x000000060b400000| Untracked |  0
|  46|0x000000060b800000, 0x000000060bc00000, 0x000000060bc00000|100%| O|  |TAMS 0x000000060b800000| PB 0x000000060b800000| Untracked |  0
|  47|0x000000060bc00000, 0x000000060c000000, 0x000000060c000000|100%| O|  |TAMS 0x000000060bc00000| PB 0x000000060bc00000| Untracked |  0
|  48|0x000000060c000000, 0x000000060c400000, 0x000000060c400000|100%| O|  |TAMS 0x000000060c000000| PB 0x000000060c000000| Untracked |  0
|  49|0x000000060c400000, 0x000000060c800000, 0x000000060c800000|100%| O|  |TAMS 0x000000060c400000| PB 0x000000060c400000| Untracked |  0
|  50|0x000000060c800000, 0x000000060cc00000, 0x000000060cc00000|100%| O|  |TAMS 0x000000060c800000| PB 0x000000060c800000| Untracked |  0
|  51|0x000000060cc00000, 0x000000060d000000, 0x000000060d000000|100%| O|  |TAMS 0x000000060cc00000| PB 0x000000060cc00000| Untracked |  0
|  52|0x000000060d000000, 0x000000060d400000, 0x000000060d400000|100%| O|  |TAMS 0x000000060d000000| PB 0x000000060d000000| Untracked |  0
|  53|0x000000060d400000, 0x000000060d800000, 0x000000060d800000|100%| O|  |TAMS 0x000000060d400000| PB 0x000000060d400000| Untracked |  0
|  54|0x000000060d800000, 0x000000060dc00000, 0x000000060dc00000|100%| O|  |TAMS 0x000000060d800000| PB 0x000000060d800000| Untracked |  0
|  55|0x000000060dc00000, 0x000000060e000000, 0x000000060e000000|100%| O|  |TAMS 0x000000060dc00000| PB 0x000000060dc00000| Untracked |  0
|  56|0x000000060e000000, 0x000000060e400000, 0x000000060e400000|100%| O|  |TAMS 0x000000060e000000| PB 0x000000060e000000| Untracked |  0
|  57|0x000000060e400000, 0x000000060e800000, 0x000000060e800000|100%| O|  |TAMS 0x000000060e400000| PB 0x000000060e400000| Untracked |  0
|  58|0x000000060e800000, 0x000000060ec00000, 0x000000060ec00000|100%| O|  |TAMS 0x000000060e800000| PB 0x000000060e800000| Untracked |  0
|  59|0x000000060ec00000, 0x000000060f000000, 0x000000060f000000|100%| O|  |TAMS 0x000000060ec00000| PB 0x000000060ec00000| Untracked |  0
|  60|0x000000060f000000, 0x000000060f400000, 0x000000060f400000|100%| O|  |TAMS 0x000000060f000000| PB 0x000000060f000000| Untracked |  0
|  61|0x000000060f400000, 0x000000060f800000, 0x000000060f800000|100%| O|  |TAMS 0x000000060f400000| PB 0x000000060f400000| Untracked |  0
|  62|0x000000060f800000, 0x000000060fc00000, 0x000000060fc00000|100%| O|  |TAMS 0x000000060f800000| PB 0x000000060f800000| Untracked |  0
|  63|0x000000060fc00000, 0x0000000610000000, 0x0000000610000000|100%| O|  |TAMS 0x000000060fc00000| PB 0x000000060fc00000| Untracked |  0
|  64|0x0000000610000000, 0x0000000610400000, 0x0000000610400000|100%| O|  |TAMS 0x0000000610000000| PB 0x0000000610000000| Untracked |  0
|  65|0x0000000610400000, 0x0000000610800000, 0x0000000610800000|100%| O|  |TAMS 0x0000000610400000| PB 0x0000000610400000| Untracked |  0
|  66|0x0000000610800000, 0x0000000610c00000, 0x0000000610c00000|100%| O|  |TAMS 0x0000000610800000| PB 0x0000000610800000| Untracked |  0
|  67|0x0000000610c00000, 0x0000000611000000, 0x0000000611000000|100%| O|  |TAMS 0x0000000610c00000| PB 0x0000000610c00000| Untracked |  0
|  68|0x0000000611000000, 0x0000000611400000, 0x0000000611400000|100%| O|  |TAMS 0x0000000611000000| PB 0x0000000611000000| Untracked |  0
|  69|0x0000000611400000, 0x0000000611800000, 0x0000000611800000|100%| O|  |TAMS 0x0000000611400000| PB 0x0000000611400000| Untracked |  0
|  70|0x0000000611800000, 0x0000000611c00000, 0x0000000611c00000|100%| O|  |TAMS 0x0000000611800000| PB 0x0000000611800000| Untracked |  0
|  71|0x0000000611c00000, 0x0000000612000000, 0x0000000612000000|100%| O|  |TAMS 0x0000000611c00000| PB 0x0000000611c00000| Untracked |  0
|  72|0x0000000612000000, 0x0000000612400000, 0x0000000612400000|100%| O|  |TAMS 0x0000000612000000| PB 0x0000000612000000| Untracked |  0
|  73|0x0000000612400000, 0x0000000612800000, 0x0000000612800000|100%| O|  |TAMS 0x0000000612400000| PB 0x0000000612400000| Untracked |  0
|  74|0x0000000612800000, 0x0000000612c00000, 0x0000000612c00000|100%| O|  |TAMS 0x0000000612800000| PB 0x0000000612800000| Untracked |  0
|  75|0x0000000612c00000, 0x0000000613000000, 0x0000000613000000|100%| O|  |TAMS 0x0000000612c00000| PB 0x0000000612c00000| Untracked |  0
|  76|0x0000000613000000, 0x0000000613400000, 0x0000000613400000|100%| O|  |TAMS 0x0000000613000000| PB 0x0000000613000000| Untracked |  0
|  77|0x0000000613400000, 0x0000000613800000, 0x0000000613800000|100%| O|  |TAMS 0x0000000613400000| PB 0x0000000613400000| Untracked |  0
|  78|0x0000000613800000, 0x0000000613c00000, 0x0000000613c00000|100%| O|  |TAMS 0x0000000613800000| PB 0x0000000613800000| Untracked |  0
|  79|0x0000000613c00000, 0x0000000614000000, 0x0000000614000000|100%| O|  |TAMS 0x0000000613c00000| PB 0x0000000613c00000| Untracked |  0
|  80|0x0000000614000000, 0x0000000614400000, 0x0000000614400000|100%| O|  |TAMS 0x0000000614000000| PB 0x0000000614000000| Untracked |  0
|  81|0x0000000614400000, 0x0000000614800000, 0x0000000614800000|100%| O|  |TAMS 0x0000000614400000| PB 0x0000000614400000| Untracked |  0
|  82|0x0000000614800000, 0x0000000614c00000, 0x0000000614c00000|100%| O|  |TAMS 0x0000000614800000| PB 0x0000000614800000| Untracked |  0
|  83|0x0000000614c00000, 0x0000000615000000, 0x0000000615000000|100%| O|  |TAMS 0x0000000614c00000| PB 0x0000000614c00000| Untracked |  0
|  84|0x0000000615000000, 0x0000000615400000, 0x0000000615400000|100%| O|  |TAMS 0x0000000615000000| PB 0x0000000615000000| Untracked |  0
|  85|0x0000000615400000, 0x0000000615800000, 0x0000000615800000|100%| O|  |TAMS 0x0000000615400000| PB 0x0000000615400000| Untracked |  0
|  86|0x0000000615800000, 0x0000000615c00000, 0x0000000615c00000|100%| O|  |TAMS 0x0000000615800000| PB 0x0000000615800000| Untracked |  0
|  87|0x0000000615c00000, 0x0000000616000000, 0x0000000616000000|100%| O|  |TAMS 0x0000000615c00000| PB 0x0000000615c00000| Untracked |  0
|  88|0x0000000616000000, 0x0000000616400000, 0x0000000616400000|100%| O|  |TAMS 0x0000000616000000| PB 0x0000000616000000| Untracked |  0
|  89|0x0000000616400000, 0x0000000616800000, 0x0000000616800000|100%| O|  |TAMS 0x0000000616400000| PB 0x0000000616400000| Untracked |  0
|  90|0x0000000616800000, 0x0000000616c00000, 0x0000000616c00000|100%| O|  |TAMS 0x0000000616800000| PB 0x0000000616800000| Untracked |  0
|  91|0x0000000616c00000, 0x0000000617000000, 0x0000000617000000|100%| O|  |TAMS 0x0000000616c00000| PB 0x0000000616c00000| Untracked |  0
|  92|0x0000000617000000, 0x0000000617400000, 0x0000000617400000|100%| O|  |TAMS 0x0000000617000000| PB 0x0000000617000000| Untracked |  0
|  93|0x0000000617400000, 0x0000000617800000, 0x0000000617800000|100%| O|  |TAMS 0x0000000617400000| PB 0x0000000617400000| Untracked |  0
|  94|0x0000000617800000, 0x0000000617c00000, 0x0000000617c00000|100%| O|  |TAMS 0x0000000617800000| PB 0x0000000617800000| Untracked |  0
|  95|0x0000000617c00000, 0x0000000618000000, 0x0000000618000000|100%| O|  |TAMS 0x0000000617c00000| PB 0x0000000617c00000| Untracked |  0
|  96|0x0000000618000000, 0x0000000618400000, 0x0000000618400000|100%| O|  |TAMS 0x0000000618000000| PB 0x0000000618000000| Untracked |  0
|  97|0x0000000618400000, 0x0000000618800000, 0x0000000618800000|100%| O|  |TAMS 0x0000000618400000| PB 0x0000000618400000| Untracked |  0
|  98|0x0000000618800000, 0x0000000618c00000, 0x0000000618c00000|100%| O|  |TAMS 0x0000000618800000| PB 0x0000000618800000| Untracked |  0
|  99|0x0000000618c00000, 0x0000000619000000, 0x0000000619000000|100%| O|  |TAMS 0x0000000618c00000| PB 0x0000000618c00000| Untracked |  0
| 100|0x0000000619000000, 0x0000000619400000, 0x0000000619400000|100%| O|  |TAMS 0x0000000619000000| PB 0x0000000619000000| Untracked |  0
| 101|0x0000000619400000, 0x0000000619800000, 0x0000000619800000|100%| O|  |TAMS 0x0000000619400000| PB 0x0000000619400000| Untracked |  0
| 102|0x0000000619800000, 0x0000000619c00000, 0x0000000619c00000|100%| O|  |TAMS 0x0000000619800000| PB 0x0000000619800000| Untracked |  0
| 103|0x0000000619c00000, 0x000000061a000000, 0x000000061a000000|100%| O|  |TAMS 0x0000000619c00000| PB 0x0000000619c00000| Untracked |  0
| 104|0x000000061a000000, 0x000000061a400000, 0x000000061a400000|100%| O|  |TAMS 0x000000061a000000| PB 0x000000061a000000| Untracked |  0
| 105|0x000000061a400000, 0x000000061a800000, 0x000000061a800000|100%| O|  |TAMS 0x000000061a400000| PB 0x000000061a400000| Untracked |  0
| 106|0x000000061a800000, 0x000000061ac00000, 0x000000061ac00000|100%| O|  |TAMS 0x000000061a800000| PB 0x000000061a800000| Untracked |  0
| 107|0x000000061ac00000, 0x000000061b000000, 0x000000061b000000|100%| O|  |TAMS 0x000000061ac00000| PB 0x000000061ac00000| Untracked |  0
| 108|0x000000061b000000, 0x000000061b400000, 0x000000061b400000|100%| O|  |TAMS 0x000000061b000000| PB 0x000000061b000000| Untracked |  0
| 109|0x000000061b400000, 0x000000061b800000, 0x000000061b800000|100%| O|  |TAMS 0x000000061b400000| PB 0x000000061b400000| Untracked |  0
| 110|0x000000061b800000, 0x000000061bc00000, 0x000000061bc00000|100%| O|  |TAMS 0x000000061b800000| PB 0x000000061b800000| Untracked |  0
| 111|0x000000061bc00000, 0x000000061c000000, 0x000000061c000000|100%| O|  |TAMS 0x000000061bc00000| PB 0x000000061bc00000| Untracked |  0
| 112|0x000000061c000000, 0x000000061c400000, 0x000000061c400000|100%| O|  |TAMS 0x000000061c000000| PB 0x000000061c000000| Untracked |  0
| 113|0x000000061c400000, 0x000000061c800000, 0x000000061c800000|100%| O|  |TAMS 0x000000061c400000| PB 0x000000061c400000| Untracked |  0
| 114|0x000000061c800000, 0x000000061cc00000, 0x000000061cc00000|100%| O|  |TAMS 0x000000061c800000| PB 0x000000061c800000| Untracked |  0
| 115|0x000000061cc00000, 0x000000061d000000, 0x000000061d000000|100%| O|  |TAMS 0x000000061cc00000| PB 0x000000061cc00000| Untracked |  0
| 116|0x000000061d000000, 0x000000061d400000, 0x000000061d400000|100%| O|  |TAMS 0x000000061d000000| PB 0x000000061d000000| Untracked |  0
| 117|0x000000061d400000, 0x000000061d800000, 0x000000061d800000|100%| O|  |TAMS 0x000000061d400000| PB 0x000000061d400000| Untracked |  0
| 118|0x000000061d800000, 0x000000061dc00000, 0x000000061dc00000|100%| O|  |TAMS 0x000000061d800000| PB 0x000000061d800000| Untracked |  0
| 119|0x000000061dc00000, 0x000000061e000000, 0x000000061e000000|100%| O|  |TAMS 0x000000061dc00000| PB 0x000000061dc00000| Untracked |  0
| 120|0x000000061e000000, 0x000000061e400000, 0x000000061e400000|100%| O|  |TAMS 0x000000061e000000| PB 0x000000061e000000| Untracked |  0
| 121|0x000000061e400000, 0x000000061e800000, 0x000000061e800000|100%| O|  |TAMS 0x000000061e400000| PB 0x000000061e400000| Untracked |  0
| 122|0x000000061e800000, 0x000000061ec00000, 0x000000061ec00000|100%| O|  |TAMS 0x000000061e800000| PB 0x000000061e800000| Untracked |  0
| 123|0x000000061ec00000, 0x000000061f000000, 0x000000061f000000|100%| O|  |TAMS 0x000000061ec00000| PB 0x000000061ec00000| Untracked |  0
| 124|0x000000061f000000, 0x000000061f400000, 0x000000061f400000|100%| O|  |TAMS 0x000000061f000000| PB 0x000000061f000000| Untracked |  0
| 125|0x000000061f400000, 0x000000061f800000, 0x000000061f800000|100%| O|  |TAMS 0x000000061f400000| PB 0x000000061f400000| Untracked |  0
| 126|0x000000061f800000, 0x000000061fc00000, 0x000000061fc00000|100%| O|  |TAMS 0x000000061f800000| PB 0x000000061f800000| Untracked |  0
| 127|0x000000061fc00000, 0x0000000620000000, 0x0000000620000000|100%| O|  |TAMS 0x000000061fc00000| PB 0x000000061fc00000| Untracked |  0
| 128|0x0000000620000000, 0x0000000620400000, 0x0000000620400000|100%| O|  |TAMS 0x0000000620000000| PB 0x0000000620000000| Untracked |  0
| 129|0x0000000620400000, 0x0000000620800000, 0x0000000620800000|100%| O|  |TAMS 0x0000000620400000| PB 0x0000000620400000| Untracked |  0
| 130|0x0000000620800000, 0x0000000620c00000, 0x0000000620c00000|100%| O|  |TAMS 0x0000000620800000| PB 0x0000000620800000| Untracked |  0
| 131|0x0000000620c00000, 0x0000000621000000, 0x0000000621000000|100%| O|  |TAMS 0x0000000620c00000| PB 0x0000000620c00000| Untracked |  0
| 132|0x0000000621000000, 0x0000000621400000, 0x0000000621400000|100%| O|  |TAMS 0x0000000621000000| PB 0x0000000621000000| Untracked |  0
| 133|0x0000000621400000, 0x0000000621800000, 0x0000000621800000|100%| O|  |TAMS 0x0000000621400000| PB 0x0000000621400000| Untracked |  0
| 134|0x0000000621800000, 0x0000000621c00000, 0x0000000621c00000|100%| O|  |TAMS 0x0000000621800000| PB 0x0000000621800000| Untracked |  0
| 135|0x0000000621c00000, 0x0000000622000000, 0x0000000622000000|100%| O|  |TAMS 0x0000000621c00000| PB 0x0000000621c00000| Untracked |  0
| 136|0x0000000622000000, 0x0000000622400000, 0x0000000622400000|100%| O|  |TAMS 0x0000000622000000| PB 0x0000000622000000| Untracked |  0
| 137|0x0000000622400000, 0x0000000622800000, 0x0000000622800000|100%| O|  |TAMS 0x0000000622400000| PB 0x0000000622400000| Untracked |  0
| 138|0x0000000622800000, 0x0000000622c00000, 0x0000000622c00000|100%| O|  |TAMS 0x0000000622800000| PB 0x0000000622800000| Untracked |  0
| 139|0x0000000622c00000, 0x0000000623000000, 0x0000000623000000|100%| O|  |TAMS 0x0000000622c00000| PB 0x0000000622c00000| Untracked |  0
| 140|0x0000000623000000, 0x0000000623400000, 0x0000000623400000|100%| O|  |TAMS 0x0000000623000000| PB 0x0000000623000000| Untracked |  0
| 141|0x0000000623400000, 0x0000000623800000, 0x0000000623800000|100%| O|  |TAMS 0x0000000623400000| PB 0x0000000623400000| Untracked |  0
| 142|0x0000000623800000, 0x0000000623c00000, 0x0000000623c00000|100%| O|  |TAMS 0x0000000623800000| PB 0x0000000623800000| Untracked |  0
| 143|0x0000000623c00000, 0x0000000624000000, 0x0000000624000000|100%| O|  |TAMS 0x0000000623c00000| PB 0x0000000623c00000| Untracked |  0
| 144|0x0000000624000000, 0x0000000624400000, 0x0000000624400000|100%| O|  |TAMS 0x0000000624000000| PB 0x0000000624000000| Untracked |  0
| 145|0x0000000624400000, 0x0000000624800000, 0x0000000624800000|100%| O|  |TAMS 0x0000000624400000| PB 0x0000000624400000| Untracked |  0
| 146|0x0000000624800000, 0x0000000624c00000, 0x0000000624c00000|100%| O|  |TAMS 0x0000000624800000| PB 0x0000000624800000| Untracked |  0
| 147|0x0000000624c00000, 0x0000000625000000, 0x0000000625000000|100%| O|  |TAMS 0x0000000624c00000| PB 0x0000000624c00000| Untracked |  0
| 148|0x0000000625000000, 0x0000000625400000, 0x0000000625400000|100%| O|  |TAMS 0x0000000625000000| PB 0x0000000625000000| Untracked |  0
| 149|0x0000000625400000, 0x0000000625800000, 0x0000000625800000|100%| O|  |TAMS 0x0000000625400000| PB 0x0000000625400000| Untracked |  0
| 150|0x0000000625800000, 0x0000000625c00000, 0x0000000625c00000|100%| O|  |TAMS 0x0000000625800000| PB 0x0000000625800000| Untracked |  0
| 151|0x0000000625c00000, 0x0000000626000000, 0x0000000626000000|100%| O|  |TAMS 0x0000000625c00000| PB 0x0000000625c00000| Untracked |  0
| 152|0x0000000626000000, 0x0000000626400000, 0x0000000626400000|100%| O|  |TAMS 0x0000000626000000| PB 0x0000000626000000| Untracked |  0
| 153|0x0000000626400000, 0x0000000626800000, 0x0000000626800000|100%| O|  |TAMS 0x0000000626400000| PB 0x0000000626400000| Untracked |  0
| 154|0x0000000626800000, 0x0000000626c00000, 0x0000000626c00000|100%| O|  |TAMS 0x0000000626800000| PB 0x0000000626800000| Untracked |  0
| 155|0x0000000626c00000, 0x0000000627000000, 0x0000000627000000|100%| O|  |TAMS 0x0000000626c00000| PB 0x0000000626c00000| Untracked |  0
| 156|0x0000000627000000, 0x0000000627400000, 0x0000000627400000|100%| O|  |TAMS 0x0000000627000000| PB 0x0000000627000000| Untracked |  0
| 157|0x0000000627400000, 0x0000000627800000, 0x0000000627800000|100%| O|  |TAMS 0x0000000627400000| PB 0x0000000627400000| Untracked |  0
| 158|0x0000000627800000, 0x0000000627c00000, 0x0000000627c00000|100%| O|  |TAMS 0x0000000627800000| PB 0x0000000627800000| Untracked |  0
| 159|0x0000000627c00000, 0x0000000628000000, 0x0000000628000000|100%| O|  |TAMS 0x0000000627c00000| PB 0x0000000627c00000| Untracked |  0
| 160|0x0000000628000000, 0x0000000628400000, 0x0000000628400000|100%| O|  |TAMS 0x0000000628000000| PB 0x0000000628000000| Untracked |  0
| 161|0x0000000628400000, 0x0000000628800000, 0x0000000628800000|100%| O|  |TAMS 0x0000000628400000| PB 0x0000000628400000| Untracked |  0
| 162|0x0000000628800000, 0x0000000628c00000, 0x0000000628c00000|100%| O|  |TAMS 0x0000000628800000| PB 0x0000000628800000| Untracked |  0
| 163|0x0000000628c00000, 0x0000000628f73400, 0x0000000629000000| 86%| O|  |TAMS 0x0000000628c00000| PB 0x0000000628c00000| Untracked |  0
| 164|0x0000000629000000, 0x0000000629000000, 0x0000000629400000|  0%| F|  |TAMS 0x0000000629000000| PB 0x0000000629000000| Untracked |  0
| 165|0x0000000629400000, 0x0000000629400000, 0x0000000629800000|  0%| F|  |TAMS 0x0000000629400000| PB 0x0000000629400000| Untracked |  0
| 166|0x0000000629800000, 0x0000000629800000, 0x0000000629c00000|  0%| F|  |TAMS 0x0000000629800000| PB 0x0000000629800000| Untracked |  0
| 167|0x0000000629c00000, 0x0000000629c00000, 0x000000062a000000|  0%| F|  |TAMS 0x0000000629c00000| PB 0x0000000629c00000| Untracked |  0
| 168|0x000000062a000000, 0x000000062a000000, 0x000000062a400000|  0%| F|  |TAMS 0x000000062a000000| PB 0x000000062a000000| Untracked |  0
| 169|0x000000062a400000, 0x000000062a400000, 0x000000062a800000|  0%| F|  |TAMS 0x000000062a400000| PB 0x000000062a400000| Untracked |  0
| 170|0x000000062a800000, 0x000000062a800000, 0x000000062ac00000|  0%| F|  |TAMS 0x000000062a800000| PB 0x000000062a800000| Untracked |  0
| 171|0x000000062ac00000, 0x000000062ac00000, 0x000000062b000000|  0%| F|  |TAMS 0x000000062ac00000| PB 0x000000062ac00000| Untracked |  0
| 172|0x000000062b000000, 0x000000062b000000, 0x000000062b400000|  0%| F|  |TAMS 0x000000062b000000| PB 0x000000062b000000| Untracked |  0
| 173|0x000000062b400000, 0x000000062b400000, 0x000000062b800000|  0%| F|  |TAMS 0x000000062b400000| PB 0x000000062b400000| Untracked |  0
| 174|0x000000062b800000, 0x000000062b800000, 0x000000062bc00000|  0%| F|  |TAMS 0x000000062b800000| PB 0x000000062b800000| Untracked |  0
| 175|0x000000062bc00000, 0x000000062bc00000, 0x000000062c000000|  0%| F|  |TAMS 0x000000062bc00000| PB 0x000000062bc00000| Untracked |  0
| 176|0x000000062c000000, 0x000000062c000000, 0x000000062c400000|  0%| F|  |TAMS 0x000000062c000000| PB 0x000000062c000000| Untracked |  0
| 177|0x000000062c400000, 0x000000062c400000, 0x000000062c800000|  0%| F|  |TAMS 0x000000062c400000| PB 0x000000062c400000| Untracked |  0
| 178|0x000000062c800000, 0x000000062c800000, 0x000000062cc00000|  0%| F|  |TAMS 0x000000062c800000| PB 0x000000062c800000| Untracked |  0
| 179|0x000000062cc00000, 0x000000062cc00000, 0x000000062d000000|  0%| F|  |TAMS 0x000000062cc00000| PB 0x000000062cc00000| Untracked |  0
| 180|0x000000062d000000, 0x000000062d000000, 0x000000062d400000|  0%| F|  |TAMS 0x000000062d000000| PB 0x000000062d000000| Untracked |  0
| 181|0x000000062d400000, 0x000000062d400000, 0x000000062d800000|  0%| F|  |TAMS 0x000000062d400000| PB 0x000000062d400000| Untracked |  0
| 182|0x000000062d800000, 0x000000062d800000, 0x000000062dc00000|  0%| F|  |TAMS 0x000000062d800000| PB 0x000000062d800000| Untracked |  0
| 183|0x000000062dc00000, 0x000000062dc00000, 0x000000062e000000|  0%| F|  |TAMS 0x000000062dc00000| PB 0x000000062dc00000| Untracked |  0
| 184|0x000000062e000000, 0x000000062e000000, 0x000000062e400000|  0%| F|  |TAMS 0x000000062e000000| PB 0x000000062e000000| Untracked |  0
| 185|0x000000062e400000, 0x000000062e400000, 0x000000062e800000|  0%| F|  |TAMS 0x000000062e400000| PB 0x000000062e400000| Untracked |  0
| 186|0x000000062e800000, 0x000000062e800000, 0x000000062ec00000|  0%| F|  |TAMS 0x000000062e800000| PB 0x000000062e800000| Untracked |  0
| 187|0x000000062ec00000, 0x000000062ec00000, 0x000000062f000000|  0%| F|  |TAMS 0x000000062ec00000| PB 0x000000062ec00000| Untracked |  0
| 188|0x000000062f000000, 0x000000062f000000, 0x000000062f400000|  0%| F|  |TAMS 0x000000062f000000| PB 0x000000062f000000| Untracked |  0
| 189|0x000000062f400000, 0x000000062f400000, 0x000000062f800000|  0%| F|  |TAMS 0x000000062f400000| PB 0x000000062f400000| Untracked |  0
| 190|0x000000062f800000, 0x000000062f800000, 0x000000062fc00000|  0%| F|  |TAMS 0x000000062f800000| PB 0x000000062f800000| Untracked |  0
| 191|0x000000062fc00000, 0x000000062fc00000, 0x0000000630000000|  0%| F|  |TAMS 0x000000062fc00000| PB 0x000000062fc00000| Untracked |  0
| 192|0x0000000630000000, 0x0000000630000000, 0x0000000630400000|  0%| F|  |TAMS 0x0000000630000000| PB 0x0000000630000000| Untracked |  0
| 193|0x0000000630400000, 0x0000000630400000, 0x0000000630800000|  0%| F|  |TAMS 0x0000000630400000| PB 0x0000000630400000| Untracked |  0
| 194|0x0000000630800000, 0x0000000630800000, 0x0000000630c00000|  0%| F|  |TAMS 0x0000000630800000| PB 0x0000000630800000| Untracked |  0
| 195|0x0000000630c00000, 0x0000000630c00000, 0x0000000631000000|  0%| F|  |TAMS 0x0000000630c00000| PB 0x0000000630c00000| Untracked |  0
| 196|0x0000000631000000, 0x0000000631000000, 0x0000000631400000|  0%| F|  |TAMS 0x0000000631000000| PB 0x0000000631000000| Untracked |  0
| 197|0x0000000631400000, 0x0000000631400000, 0x0000000631800000|  0%| F|  |TAMS 0x0000000631400000| PB 0x0000000631400000| Untracked |  0
| 198|0x0000000631800000, 0x0000000631800000, 0x0000000631c00000|  0%| F|  |TAMS 0x0000000631800000| PB 0x0000000631800000| Untracked |  0
| 199|0x0000000631c00000, 0x0000000631c00000, 0x0000000632000000|  0%| F|  |TAMS 0x0000000631c00000| PB 0x0000000631c00000| Untracked |  0
| 200|0x0000000632000000, 0x0000000632000000, 0x0000000632400000|  0%| F|  |TAMS 0x0000000632000000| PB 0x0000000632000000| Untracked |  0
| 201|0x0000000632400000, 0x0000000632400000, 0x0000000632800000|  0%| F|  |TAMS 0x0000000632400000| PB 0x0000000632400000| Untracked |  0
| 202|0x0000000632800000, 0x0000000632800000, 0x0000000632c00000|  0%| F|  |TAMS 0x0000000632800000| PB 0x0000000632800000| Untracked |  0
| 203|0x0000000632c00000, 0x0000000632c00000, 0x0000000633000000|  0%| F|  |TAMS 0x0000000632c00000| PB 0x0000000632c00000| Untracked |  0
| 204|0x0000000633000000, 0x0000000633000000, 0x0000000633400000|  0%| F|  |TAMS 0x0000000633000000| PB 0x0000000633000000| Untracked |  0
| 205|0x0000000633400000, 0x0000000633400000, 0x0000000633800000|  0%| F|  |TAMS 0x0000000633400000| PB 0x0000000633400000| Untracked |  0
| 206|0x0000000633800000, 0x0000000633800000, 0x0000000633c00000|  0%| F|  |TAMS 0x0000000633800000| PB 0x0000000633800000| Untracked |  0
| 207|0x0000000633c00000, 0x0000000633c00000, 0x0000000634000000|  0%| F|  |TAMS 0x0000000633c00000| PB 0x0000000633c00000| Untracked |  0
| 208|0x0000000634000000, 0x0000000634000000, 0x0000000634400000|  0%| F|  |TAMS 0x0000000634000000| PB 0x0000000634000000| Untracked |  0
| 209|0x0000000634400000, 0x0000000634400000, 0x0000000634800000|  0%| F|  |TAMS 0x0000000634400000| PB 0x0000000634400000| Untracked |  0
| 210|0x0000000634800000, 0x0000000634800000, 0x0000000634c00000|  0%| F|  |TAMS 0x0000000634800000| PB 0x0000000634800000| Untracked |  0
| 211|0x0000000634c00000, 0x0000000634c00000, 0x0000000635000000|  0%| F|  |TAMS 0x0000000634c00000| PB 0x0000000634c00000| Untracked |  0
| 212|0x0000000635000000, 0x0000000635000000, 0x0000000635400000|  0%| F|  |TAMS 0x0000000635000000| PB 0x0000000635000000| Untracked |  0
| 213|0x0000000635400000, 0x0000000635400000, 0x0000000635800000|  0%| F|  |TAMS 0x0000000635400000| PB 0x0000000635400000| Untracked |  0
| 214|0x0000000635800000, 0x0000000635800000, 0x0000000635c00000|  0%| F|  |TAMS 0x0000000635800000| PB 0x0000000635800000| Untracked |  0
| 215|0x0000000635c00000, 0x0000000635c00000, 0x0000000636000000|  0%| F|  |TAMS 0x0000000635c00000| PB 0x0000000635c00000| Untracked |  0
| 216|0x0000000636000000, 0x0000000636000000, 0x0000000636400000|  0%| F|  |TAMS 0x0000000636000000| PB 0x0000000636000000| Untracked |  0
| 217|0x0000000636400000, 0x0000000636400000, 0x0000000636800000|  0%| F|  |TAMS 0x0000000636400000| PB 0x0000000636400000| Untracked |  0
| 218|0x0000000636800000, 0x0000000636800000, 0x0000000636c00000|  0%| F|  |TAMS 0x0000000636800000| PB 0x0000000636800000| Untracked |  0
| 219|0x0000000636c00000, 0x0000000636c00000, 0x0000000637000000|  0%| F|  |TAMS 0x0000000636c00000| PB 0x0000000636c00000| Untracked |  0
| 220|0x0000000637000000, 0x0000000637000000, 0x0000000637400000|  0%| F|  |TAMS 0x0000000637000000| PB 0x0000000637000000| Untracked |  0
| 221|0x0000000637400000, 0x0000000637400000, 0x0000000637800000|  0%| F|  |TAMS 0x0000000637400000| PB 0x0000000637400000| Untracked |  0
| 222|0x0000000637800000, 0x0000000637800000, 0x0000000637c00000|  0%| F|  |TAMS 0x0000000637800000| PB 0x0000000637800000| Untracked |  0
| 223|0x0000000637c00000, 0x0000000637c00000, 0x0000000638000000|  0%| F|  |TAMS 0x0000000637c00000| PB 0x0000000637c00000| Untracked |  0
| 224|0x0000000638000000, 0x0000000638000000, 0x0000000638400000|  0%| F|  |TAMS 0x0000000638000000| PB 0x0000000638000000| Untracked |  0
| 225|0x0000000638400000, 0x0000000638400000, 0x0000000638800000|  0%| F|  |TAMS 0x0000000638400000| PB 0x0000000638400000| Untracked |  0
| 226|0x0000000638800000, 0x0000000638800000, 0x0000000638c00000|  0%| F|  |TAMS 0x0000000638800000| PB 0x0000000638800000| Untracked |  0
| 227|0x0000000638c00000, 0x0000000638c00000, 0x0000000639000000|  0%| F|  |TAMS 0x0000000638c00000| PB 0x0000000638c00000| Untracked |  0
| 228|0x0000000639000000, 0x0000000639000000, 0x0000000639400000|  0%| F|  |TAMS 0x0000000639000000| PB 0x0000000639000000| Untracked |  0
| 229|0x0000000639400000, 0x0000000639400000, 0x0000000639800000|  0%| F|  |TAMS 0x0000000639400000| PB 0x0000000639400000| Untracked |  0
| 230|0x0000000639800000, 0x0000000639800000, 0x0000000639c00000|  0%| F|  |TAMS 0x0000000639800000| PB 0x0000000639800000| Untracked |  0
| 231|0x0000000639c00000, 0x0000000639c00000, 0x000000063a000000|  0%| F|  |TAMS 0x0000000639c00000| PB 0x0000000639c00000| Untracked |  0
| 232|0x000000063a000000, 0x000000063a000000, 0x000000063a400000|  0%| F|  |TAMS 0x000000063a000000| PB 0x000000063a000000| Untracked |  0
| 233|0x000000063a400000, 0x000000063a400000, 0x000000063a800000|  0%| F|  |TAMS 0x000000063a400000| PB 0x000000063a400000| Untracked |  0
| 234|0x000000063a800000, 0x000000063a800000, 0x000000063ac00000|  0%| F|  |TAMS 0x000000063a800000| PB 0x000000063a800000| Untracked |  0
| 235|0x000000063ac00000, 0x000000063ac00000, 0x000000063b000000|  0%| F|  |TAMS 0x000000063ac00000| PB 0x000000063ac00000| Untracked |  0
| 236|0x000000063b000000, 0x000000063b000000, 0x000000063b400000|  0%| F|  |TAMS 0x000000063b000000| PB 0x000000063b000000| Untracked |  0
| 237|0x000000063b400000, 0x000000063b400000, 0x000000063b800000|  0%| F|  |TAMS 0x000000063b400000| PB 0x000000063b400000| Untracked |  0
| 238|0x000000063b800000, 0x000000063b800000, 0x000000063bc00000|  0%| F|  |TAMS 0x000000063b800000| PB 0x000000063b800000| Untracked |  0
| 239|0x000000063bc00000, 0x000000063bc00000, 0x000000063c000000|  0%| F|  |TAMS 0x000000063bc00000| PB 0x000000063bc00000| Untracked |  0
| 240|0x000000063c000000, 0x000000063c000000, 0x000000063c400000|  0%| F|  |TAMS 0x000000063c000000| PB 0x000000063c000000| Untracked |  0
| 241|0x000000063c400000, 0x000000063c400000, 0x000000063c800000|  0%| F|  |TAMS 0x000000063c400000| PB 0x000000063c400000| Untracked |  0
| 242|0x000000063c800000, 0x000000063c800000, 0x000000063cc00000|  0%| F|  |TAMS 0x000000063c800000| PB 0x000000063c800000| Untracked |  0
| 243|0x000000063cc00000, 0x000000063cc00000, 0x000000063d000000|  0%| F|  |TAMS 0x000000063cc00000| PB 0x000000063cc00000| Untracked |  0
| 244|0x000000063d000000, 0x000000063d000000, 0x000000063d400000|  0%| F|  |TAMS 0x000000063d000000| PB 0x000000063d000000| Untracked |  0
| 245|0x000000063d400000, 0x000000063d400000, 0x000000063d800000|  0%| F|  |TAMS 0x000000063d400000| PB 0x000000063d400000| Untracked |  0
| 246|0x000000063d800000, 0x000000063d800000, 0x000000063dc00000|  0%| F|  |TAMS 0x000000063d800000| PB 0x000000063d800000| Untracked |  0
| 247|0x000000063dc00000, 0x000000063dc00000, 0x000000063e000000|  0%| F|  |TAMS 0x000000063dc00000| PB 0x000000063dc00000| Untracked |  0
| 248|0x000000063e000000, 0x000000063e000000, 0x000000063e400000|  0%| F|  |TAMS 0x000000063e000000| PB 0x000000063e000000| Untracked |  0
| 249|0x000000063e400000, 0x000000063e400000, 0x000000063e800000|  0%| F|  |TAMS 0x000000063e400000| PB 0x000000063e400000| Untracked |  0
| 250|0x000000063e800000, 0x000000063e800000, 0x000000063ec00000|  0%| F|  |TAMS 0x000000063e800000| PB 0x000000063e800000| Untracked |  0
| 251|0x000000063ec00000, 0x000000063ec00000, 0x000000063f000000|  0%| F|  |TAMS 0x000000063ec00000| PB 0x000000063ec00000| Untracked |  0
| 252|0x000000063f000000, 0x000000063f000000, 0x000000063f400000|  0%| F|  |TAMS 0x000000063f000000| PB 0x000000063f000000| Untracked |  0
| 253|0x000000063f400000, 0x000000063f400000, 0x000000063f800000|  0%| F|  |TAMS 0x000000063f400000| PB 0x000000063f400000| Untracked |  0
| 254|0x000000063f800000, 0x000000063f800000, 0x000000063fc00000|  0%| F|  |TAMS 0x000000063f800000| PB 0x000000063f800000| Untracked |  0
| 255|0x000000063fc00000, 0x000000063fc00000, 0x0000000640000000|  0%| F|  |TAMS 0x000000063fc00000| PB 0x000000063fc00000| Untracked |  0
| 256|0x0000000640000000, 0x0000000640000000, 0x0000000640400000|  0%| F|  |TAMS 0x0000000640000000| PB 0x0000000640000000| Untracked |  0
| 257|0x0000000640400000, 0x0000000640400000, 0x0000000640800000|  0%| F|  |TAMS 0x0000000640400000| PB 0x0000000640400000| Untracked |  0
| 258|0x0000000640800000, 0x0000000640800000, 0x0000000640c00000|  0%| F|  |TAMS 0x0000000640800000| PB 0x0000000640800000| Untracked |  0
| 259|0x0000000640c00000, 0x0000000640c00000, 0x0000000641000000|  0%| F|  |TAMS 0x0000000640c00000| PB 0x0000000640c00000| Untracked |  0
| 260|0x0000000641000000, 0x0000000641000000, 0x0000000641400000|  0%| F|  |TAMS 0x0000000641000000| PB 0x0000000641000000| Untracked |  0
| 261|0x0000000641400000, 0x0000000641400000, 0x0000000641800000|  0%| F|  |TAMS 0x0000000641400000| PB 0x0000000641400000| Untracked |  0
| 262|0x0000000641800000, 0x0000000641800000, 0x0000000641c00000|  0%| F|  |TAMS 0x0000000641800000| PB 0x0000000641800000| Untracked |  0
| 263|0x0000000641c00000, 0x0000000641c00000, 0x0000000642000000|  0%| F|  |TAMS 0x0000000641c00000| PB 0x0000000641c00000| Untracked |  0
| 264|0x0000000642000000, 0x0000000642000000, 0x0000000642400000|  0%| F|  |TAMS 0x0000000642000000| PB 0x0000000642000000| Untracked |  0
| 265|0x0000000642400000, 0x0000000642400000, 0x0000000642800000|  0%| F|  |TAMS 0x0000000642400000| PB 0x0000000642400000| Untracked |  0
| 266|0x0000000642800000, 0x0000000642800000, 0x0000000642c00000|  0%| F|  |TAMS 0x0000000642800000| PB 0x0000000642800000| Untracked |  0
| 267|0x0000000642c00000, 0x0000000642c00000, 0x0000000643000000|  0%| F|  |TAMS 0x0000000642c00000| PB 0x0000000642c00000| Untracked |  0
| 268|0x0000000643000000, 0x0000000643000000, 0x0000000643400000|  0%| F|  |TAMS 0x0000000643000000| PB 0x0000000643000000| Untracked |  0
| 269|0x0000000643400000, 0x0000000643400000, 0x0000000643800000|  0%| F|  |TAMS 0x0000000643400000| PB 0x0000000643400000| Untracked |  0
| 270|0x0000000643800000, 0x0000000643800000, 0x0000000643c00000|  0%| F|  |TAMS 0x0000000643800000| PB 0x0000000643800000| Untracked |  0
| 271|0x0000000643c00000, 0x0000000643c00000, 0x0000000644000000|  0%| F|  |TAMS 0x0000000643c00000| PB 0x0000000643c00000| Untracked |  0
| 272|0x0000000644000000, 0x0000000644000000, 0x0000000644400000|  0%| F|  |TAMS 0x0000000644000000| PB 0x0000000644000000| Untracked |  0
| 273|0x0000000644400000, 0x0000000644400000, 0x0000000644800000|  0%| F|  |TAMS 0x0000000644400000| PB 0x0000000644400000| Untracked |  0
| 274|0x0000000644800000, 0x0000000644800000, 0x0000000644c00000|  0%| F|  |TAMS 0x0000000644800000| PB 0x0000000644800000| Untracked |  0
| 275|0x0000000644c00000, 0x0000000644c00000, 0x0000000645000000|  0%| F|  |TAMS 0x0000000644c00000| PB 0x0000000644c00000| Untracked |  0
| 276|0x0000000645000000, 0x0000000645000000, 0x0000000645400000|  0%| F|  |TAMS 0x0000000645000000| PB 0x0000000645000000| Untracked |  0
| 277|0x0000000645400000, 0x0000000645400000, 0x0000000645800000|  0%| F|  |TAMS 0x0000000645400000| PB 0x0000000645400000| Untracked |  0
| 278|0x0000000645800000, 0x0000000645800000, 0x0000000645c00000|  0%| F|  |TAMS 0x0000000645800000| PB 0x0000000645800000| Untracked |  0
| 279|0x0000000645c00000, 0x0000000645c00000, 0x0000000646000000|  0%| F|  |TAMS 0x0000000645c00000| PB 0x0000000645c00000| Untracked |  0
| 280|0x0000000646000000, 0x0000000646000000, 0x0000000646400000|  0%| F|  |TAMS 0x0000000646000000| PB 0x0000000646000000| Untracked |  0
| 281|0x0000000646400000, 0x0000000646400000, 0x0000000646800000|  0%| F|  |TAMS 0x0000000646400000| PB 0x0000000646400000| Untracked |  0
| 282|0x0000000646800000, 0x0000000646800000, 0x0000000646c00000|  0%| F|  |TAMS 0x0000000646800000| PB 0x0000000646800000| Untracked |  0
| 283|0x0000000646c00000, 0x0000000646c00000, 0x0000000647000000|  0%| F|  |TAMS 0x0000000646c00000| PB 0x0000000646c00000| Untracked |  0
| 284|0x0000000647000000, 0x0000000647000000, 0x0000000647400000|  0%| F|  |TAMS 0x0000000647000000| PB 0x0000000647000000| Untracked |  0
| 285|0x0000000647400000, 0x0000000647400000, 0x0000000647800000|  0%| F|  |TAMS 0x0000000647400000| PB 0x0000000647400000| Untracked |  0
| 286|0x0000000647800000, 0x0000000647800000, 0x0000000647c00000|  0%| F|  |TAMS 0x0000000647800000| PB 0x0000000647800000| Untracked |  0
| 287|0x0000000647c00000, 0x0000000647c00000, 0x0000000648000000|  0%| F|  |TAMS 0x0000000647c00000| PB 0x0000000647c00000| Untracked |  0
| 288|0x0000000648000000, 0x0000000648000000, 0x0000000648400000|  0%| F|  |TAMS 0x0000000648000000| PB 0x0000000648000000| Untracked |  0
| 289|0x0000000648400000, 0x0000000648400000, 0x0000000648800000|  0%| F|  |TAMS 0x0000000648400000| PB 0x0000000648400000| Untracked |  0
| 290|0x0000000648800000, 0x0000000648800000, 0x0000000648c00000|  0%| F|  |TAMS 0x0000000648800000| PB 0x0000000648800000| Untracked |  0
| 291|0x0000000648c00000, 0x0000000648c00000, 0x0000000649000000|  0%| F|  |TAMS 0x0000000648c00000| PB 0x0000000648c00000| Untracked |  0
| 292|0x0000000649000000, 0x0000000649000000, 0x0000000649400000|  0%| F|  |TAMS 0x0000000649000000| PB 0x0000000649000000| Untracked |  0
| 293|0x0000000649400000, 0x0000000649400000, 0x0000000649800000|  0%| F|  |TAMS 0x0000000649400000| PB 0x0000000649400000| Untracked |  0
| 294|0x0000000649800000, 0x0000000649800000, 0x0000000649c00000|  0%| F|  |TAMS 0x0000000649800000| PB 0x0000000649800000| Untracked |  0
| 295|0x0000000649c00000, 0x0000000649c00000, 0x000000064a000000|  0%| F|  |TAMS 0x0000000649c00000| PB 0x0000000649c00000| Untracked |  0
| 296|0x000000064a000000, 0x000000064a000000, 0x000000064a400000|  0%| F|  |TAMS 0x000000064a000000| PB 0x000000064a000000| Untracked |  0
| 297|0x000000064a400000, 0x000000064a400000, 0x000000064a800000|  0%| F|  |TAMS 0x000000064a400000| PB 0x000000064a400000| Untracked |  0
| 298|0x000000064a800000, 0x000000064a800000, 0x000000064ac00000|  0%| F|  |TAMS 0x000000064a800000| PB 0x000000064a800000| Untracked |  0
| 299|0x000000064ac00000, 0x000000064ac00000, 0x000000064b000000|  0%| F|  |TAMS 0x000000064ac00000| PB 0x000000064ac00000| Untracked |  0
| 300|0x000000064b000000, 0x000000064b000000, 0x000000064b400000|  0%| F|  |TAMS 0x000000064b000000| PB 0x000000064b000000| Untracked |  0
| 301|0x000000064b400000, 0x000000064b400000, 0x000000064b800000|  0%| F|  |TAMS 0x000000064b400000| PB 0x000000064b400000| Untracked |  0
| 302|0x000000064b800000, 0x000000064b800000, 0x000000064bc00000|  0%| F|  |TAMS 0x000000064b800000| PB 0x000000064b800000| Untracked |  0
| 303|0x000000064bc00000, 0x000000064bc00000, 0x000000064c000000|  0%| F|  |TAMS 0x000000064bc00000| PB 0x000000064bc00000| Untracked |  0
| 304|0x000000064c000000, 0x000000064c000000, 0x000000064c400000|  0%| F|  |TAMS 0x000000064c000000| PB 0x000000064c000000| Untracked |  0
| 305|0x000000064c400000, 0x000000064c400000, 0x000000064c800000|  0%| F|  |TAMS 0x000000064c400000| PB 0x000000064c400000| Untracked |  0
| 306|0x000000064c800000, 0x000000064c800000, 0x000000064cc00000|  0%| F|  |TAMS 0x000000064c800000| PB 0x000000064c800000| Untracked |  0
| 307|0x000000064cc00000, 0x000000064cc00000, 0x000000064d000000|  0%| F|  |TAMS 0x000000064cc00000| PB 0x000000064cc00000| Untracked |  0
| 308|0x000000064d000000, 0x000000064d000000, 0x000000064d400000|  0%| F|  |TAMS 0x000000064d000000| PB 0x000000064d000000| Untracked |  0
| 309|0x000000064d400000, 0x000000064d400000, 0x000000064d800000|  0%| F|  |TAMS 0x000000064d400000| PB 0x000000064d400000| Untracked |  0
| 310|0x000000064d800000, 0x000000064d800000, 0x000000064dc00000|  0%| F|  |TAMS 0x000000064d800000| PB 0x000000064d800000| Untracked |  0
| 311|0x000000064dc00000, 0x000000064dc00000, 0x000000064e000000|  0%| F|  |TAMS 0x000000064dc00000| PB 0x000000064dc00000| Untracked |  0
| 312|0x000000064e000000, 0x000000064e000000, 0x000000064e400000|  0%| F|  |TAMS 0x000000064e000000| PB 0x000000064e000000| Untracked |  0
| 313|0x000000064e400000, 0x000000064e400000, 0x000000064e800000|  0%| F|  |TAMS 0x000000064e400000| PB 0x000000064e400000| Untracked |  0
| 314|0x000000064e800000, 0x000000064e800000, 0x000000064ec00000|  0%| F|  |TAMS 0x000000064e800000| PB 0x000000064e800000| Untracked |  0
| 315|0x000000064ec00000, 0x000000064ec00000, 0x000000064f000000|  0%| F|  |TAMS 0x000000064ec00000| PB 0x000000064ec00000| Untracked |  0
| 316|0x000000064f000000, 0x000000064f000000, 0x000000064f400000|  0%| F|  |TAMS 0x000000064f000000| PB 0x000000064f000000| Untracked |  0
| 317|0x000000064f400000, 0x000000064f400000, 0x000000064f800000|  0%| F|  |TAMS 0x000000064f400000| PB 0x000000064f400000| Untracked |  0
| 318|0x000000064f800000, 0x000000064f800000, 0x000000064fc00000|  0%| F|  |TAMS 0x000000064f800000| PB 0x000000064f800000| Untracked |  0
| 319|0x000000064fc00000, 0x000000064fc00000, 0x0000000650000000|  0%| F|  |TAMS 0x000000064fc00000| PB 0x000000064fc00000| Untracked |  0
| 320|0x0000000650000000, 0x0000000650000000, 0x0000000650400000|  0%| F|  |TAMS 0x0000000650000000| PB 0x0000000650000000| Untracked |  0
| 321|0x0000000650400000, 0x0000000650400000, 0x0000000650800000|  0%| F|  |TAMS 0x0000000650400000| PB 0x0000000650400000| Untracked |  0
| 322|0x0000000650800000, 0x0000000650800000, 0x0000000650c00000|  0%| F|  |TAMS 0x0000000650800000| PB 0x0000000650800000| Untracked |  0
| 323|0x0000000650c00000, 0x0000000650c00000, 0x0000000651000000|  0%| F|  |TAMS 0x0000000650c00000| PB 0x0000000650c00000| Untracked |  0
| 324|0x0000000651000000, 0x0000000651000000, 0x0000000651400000|  0%| F|  |TAMS 0x0000000651000000| PB 0x0000000651000000| Untracked |  0
| 325|0x0000000651400000, 0x0000000651400000, 0x0000000651800000|  0%| F|  |TAMS 0x0000000651400000| PB 0x0000000651400000| Untracked |  0
| 326|0x0000000651800000, 0x0000000651800000, 0x0000000651c00000|  0%| F|  |TAMS 0x0000000651800000| PB 0x0000000651800000| Untracked |  0
| 327|0x0000000651c00000, 0x0000000651c00000, 0x0000000652000000|  0%| F|  |TAMS 0x0000000651c00000| PB 0x0000000651c00000| Untracked |  0
| 328|0x0000000652000000, 0x0000000652000000, 0x0000000652400000|  0%| F|  |TAMS 0x0000000652000000| PB 0x0000000652000000| Untracked |  0
| 329|0x0000000652400000, 0x0000000652400000, 0x0000000652800000|  0%| F|  |TAMS 0x0000000652400000| PB 0x0000000652400000| Untracked |  0
| 330|0x0000000652800000, 0x0000000652800000, 0x0000000652c00000|  0%| F|  |TAMS 0x0000000652800000| PB 0x0000000652800000| Untracked |  0
| 331|0x0000000652c00000, 0x0000000652c00000, 0x0000000653000000|  0%| F|  |TAMS 0x0000000652c00000| PB 0x0000000652c00000| Untracked |  0
| 332|0x0000000653000000, 0x0000000653000000, 0x0000000653400000|  0%| F|  |TAMS 0x0000000653000000| PB 0x0000000653000000| Untracked |  0
| 333|0x0000000653400000, 0x0000000653400000, 0x0000000653800000|  0%| F|  |TAMS 0x0000000653400000| PB 0x0000000653400000| Untracked |  0
| 334|0x0000000653800000, 0x0000000653800000, 0x0000000653c00000|  0%| F|  |TAMS 0x0000000653800000| PB 0x0000000653800000| Untracked |  0
| 335|0x0000000653c00000, 0x0000000653c00000, 0x0000000654000000|  0%| F|  |TAMS 0x0000000653c00000| PB 0x0000000653c00000| Untracked |  0
| 336|0x0000000654000000, 0x0000000654000000, 0x0000000654400000|  0%| F|  |TAMS 0x0000000654000000| PB 0x0000000654000000| Untracked |  0
| 337|0x0000000654400000, 0x0000000654400000, 0x0000000654800000|  0%| F|  |TAMS 0x0000000654400000| PB 0x0000000654400000| Untracked |  0
| 338|0x0000000654800000, 0x0000000654800000, 0x0000000654c00000|  0%| F|  |TAMS 0x0000000654800000| PB 0x0000000654800000| Untracked |  0
| 339|0x0000000654c00000, 0x0000000654c00000, 0x0000000655000000|  0%| F|  |TAMS 0x0000000654c00000| PB 0x0000000654c00000| Untracked |  0
| 340|0x0000000655000000, 0x0000000655000000, 0x0000000655400000|  0%| F|  |TAMS 0x0000000655000000| PB 0x0000000655000000| Untracked |  0
| 341|0x0000000655400000, 0x0000000655400000, 0x0000000655800000|  0%| F|  |TAMS 0x0000000655400000| PB 0x0000000655400000| Untracked |  0
| 342|0x0000000655800000, 0x0000000655800000, 0x0000000655c00000|  0%| F|  |TAMS 0x0000000655800000| PB 0x0000000655800000| Untracked |  0
| 343|0x0000000655c00000, 0x0000000655c00000, 0x0000000656000000|  0%| F|  |TAMS 0x0000000655c00000| PB 0x0000000655c00000| Untracked |  0
| 344|0x0000000656000000, 0x0000000656000000, 0x0000000656400000|  0%| F|  |TAMS 0x0000000656000000| PB 0x0000000656000000| Untracked |  0
| 345|0x0000000656400000, 0x0000000656400000, 0x0000000656800000|  0%| F|  |TAMS 0x0000000656400000| PB 0x0000000656400000| Untracked |  0
| 346|0x0000000656800000, 0x0000000656800000, 0x0000000656c00000|  0%| F|  |TAMS 0x0000000656800000| PB 0x0000000656800000| Untracked |  0
| 347|0x0000000656c00000, 0x0000000656c00000, 0x0000000657000000|  0%| F|  |TAMS 0x0000000656c00000| PB 0x0000000656c00000| Untracked |  0
| 348|0x0000000657000000, 0x0000000657000000, 0x0000000657400000|  0%| F|  |TAMS 0x0000000657000000| PB 0x0000000657000000| Untracked |  0
| 349|0x0000000657400000, 0x0000000657400000, 0x0000000657800000|  0%| F|  |TAMS 0x0000000657400000| PB 0x0000000657400000| Untracked |  0
| 350|0x0000000657800000, 0x0000000657800000, 0x0000000657c00000|  0%| F|  |TAMS 0x0000000657800000| PB 0x0000000657800000| Untracked |  0
| 351|0x0000000657c00000, 0x0000000657c00000, 0x0000000658000000|  0%| F|  |TAMS 0x0000000657c00000| PB 0x0000000657c00000| Untracked |  0
| 352|0x0000000658000000, 0x0000000658000000, 0x0000000658400000|  0%| F|  |TAMS 0x0000000658000000| PB 0x0000000658000000| Untracked |  0
| 353|0x0000000658400000, 0x0000000658400000, 0x0000000658800000|  0%| F|  |TAMS 0x0000000658400000| PB 0x0000000658400000| Untracked |  0
| 354|0x0000000658800000, 0x0000000658800000, 0x0000000658c00000|  0%| F|  |TAMS 0x0000000658800000| PB 0x0000000658800000| Untracked |  0
| 355|0x0000000658c00000, 0x0000000658c00000, 0x0000000659000000|  0%| F|  |TAMS 0x0000000658c00000| PB 0x0000000658c00000| Untracked |  0
| 356|0x0000000659000000, 0x0000000659000000, 0x0000000659400000|  0%| F|  |TAMS 0x0000000659000000| PB 0x0000000659000000| Untracked |  0
| 357|0x0000000659400000, 0x0000000659400000, 0x0000000659800000|  0%| F|  |TAMS 0x0000000659400000| PB 0x0000000659400000| Untracked |  0
| 358|0x0000000659800000, 0x0000000659800000, 0x0000000659c00000|  0%| F|  |TAMS 0x0000000659800000| PB 0x0000000659800000| Untracked |  0
| 359|0x0000000659c00000, 0x0000000659c00000, 0x000000065a000000|  0%| F|  |TAMS 0x0000000659c00000| PB 0x0000000659c00000| Untracked |  0
| 360|0x000000065a000000, 0x000000065a000000, 0x000000065a400000|  0%| F|  |TAMS 0x000000065a000000| PB 0x000000065a000000| Untracked |  0
| 361|0x000000065a400000, 0x000000065a400000, 0x000000065a800000|  0%| F|  |TAMS 0x000000065a400000| PB 0x000000065a400000| Untracked |  0
| 362|0x000000065a800000, 0x000000065a800000, 0x000000065ac00000|  0%| F|  |TAMS 0x000000065a800000| PB 0x000000065a800000| Untracked |  0
| 363|0x000000065ac00000, 0x000000065ac00000, 0x000000065b000000|  0%| F|  |TAMS 0x000000065ac00000| PB 0x000000065ac00000| Untracked |  0
| 364|0x000000065b000000, 0x000000065b000000, 0x000000065b400000|  0%| F|  |TAMS 0x000000065b000000| PB 0x000000065b000000| Untracked |  0
| 365|0x000000065b400000, 0x000000065b400000, 0x000000065b800000|  0%| F|  |TAMS 0x000000065b400000| PB 0x000000065b400000| Untracked |  0
| 366|0x000000065b800000, 0x000000065b800000, 0x000000065bc00000|  0%| F|  |TAMS 0x000000065b800000| PB 0x000000065b800000| Untracked |  0
| 367|0x000000065bc00000, 0x000000065bc00000, 0x000000065c000000|  0%| F|  |TAMS 0x000000065bc00000| PB 0x000000065bc00000| Untracked |  0
| 368|0x000000065c000000, 0x000000065c000000, 0x000000065c400000|  0%| F|  |TAMS 0x000000065c000000| PB 0x000000065c000000| Untracked |  0
| 369|0x000000065c400000, 0x000000065c400000, 0x000000065c800000|  0%| F|  |TAMS 0x000000065c400000| PB 0x000000065c400000| Untracked |  0
| 370|0x000000065c800000, 0x000000065c800000, 0x000000065cc00000|  0%| F|  |TAMS 0x000000065c800000| PB 0x000000065c800000| Untracked |  0
| 371|0x000000065cc00000, 0x000000065cc00000, 0x000000065d000000|  0%| F|  |TAMS 0x000000065cc00000| PB 0x000000065cc00000| Untracked |  0
| 372|0x000000065d000000, 0x000000065d000000, 0x000000065d400000|  0%| F|  |TAMS 0x000000065d000000| PB 0x000000065d000000| Untracked |  0
| 373|0x000000065d400000, 0x000000065d400000, 0x000000065d800000|  0%| F|  |TAMS 0x000000065d400000| PB 0x000000065d400000| Untracked |  0
| 374|0x000000065d800000, 0x000000065d800000, 0x000000065dc00000|  0%| F|  |TAMS 0x000000065d800000| PB 0x000000065d800000| Untracked |  0
| 375|0x000000065dc00000, 0x000000065dc00000, 0x000000065e000000|  0%| F|  |TAMS 0x000000065dc00000| PB 0x000000065dc00000| Untracked |  0
| 376|0x000000065e000000, 0x000000065e000000, 0x000000065e400000|  0%| F|  |TAMS 0x000000065e000000| PB 0x000000065e000000| Untracked |  0
| 377|0x000000065e400000, 0x000000065e400000, 0x000000065e800000|  0%| F|  |TAMS 0x000000065e400000| PB 0x000000065e400000| Untracked |  0
| 378|0x000000065e800000, 0x000000065e800000, 0x000000065ec00000|  0%| F|  |TAMS 0x000000065e800000| PB 0x000000065e800000| Untracked |  0
| 379|0x000000065ec00000, 0x000000065ec00000, 0x000000065f000000|  0%| F|  |TAMS 0x000000065ec00000| PB 0x000000065ec00000| Untracked |  0
| 380|0x000000065f000000, 0x000000065f000000, 0x000000065f400000|  0%| F|  |TAMS 0x000000065f000000| PB 0x000000065f000000| Untracked |  0
| 381|0x000000065f400000, 0x000000065f400000, 0x000000065f800000|  0%| F|  |TAMS 0x000000065f400000| PB 0x000000065f400000| Untracked |  0
| 382|0x000000065f800000, 0x000000065f800000, 0x000000065fc00000|  0%| F|  |TAMS 0x000000065f800000| PB 0x000000065f800000| Untracked |  0
| 383|0x000000065fc00000, 0x000000065fc00000, 0x0000000660000000|  0%| F|  |TAMS 0x000000065fc00000| PB 0x000000065fc00000| Untracked |  0
| 384|0x0000000660000000, 0x0000000660000000, 0x0000000660400000|  0%| F|  |TAMS 0x0000000660000000| PB 0x0000000660000000| Untracked |  0
| 385|0x0000000660400000, 0x0000000660400000, 0x0000000660800000|  0%| F|  |TAMS 0x0000000660400000| PB 0x0000000660400000| Untracked |  0
| 386|0x0000000660800000, 0x0000000660800000, 0x0000000660c00000|  0%| F|  |TAMS 0x0000000660800000| PB 0x0000000660800000| Untracked |  0
| 387|0x0000000660c00000, 0x0000000660c00000, 0x0000000661000000|  0%| F|  |TAMS 0x0000000660c00000| PB 0x0000000660c00000| Untracked |  0
| 388|0x0000000661000000, 0x0000000661000000, 0x0000000661400000|  0%| F|  |TAMS 0x0000000661000000| PB 0x0000000661000000| Untracked |  0
| 389|0x0000000661400000, 0x0000000661400000, 0x0000000661800000|  0%| F|  |TAMS 0x0000000661400000| PB 0x0000000661400000| Untracked |  0
| 390|0x0000000661800000, 0x0000000661800000, 0x0000000661c00000|  0%| F|  |TAMS 0x0000000661800000| PB 0x0000000661800000| Untracked |  0
| 391|0x0000000661c00000, 0x0000000661c00000, 0x0000000662000000|  0%| F|  |TAMS 0x0000000661c00000| PB 0x0000000661c00000| Untracked |  0
| 392|0x0000000662000000, 0x0000000662000000, 0x0000000662400000|  0%| F|  |TAMS 0x0000000662000000| PB 0x0000000662000000| Untracked |  0
| 393|0x0000000662400000, 0x0000000662400000, 0x0000000662800000|  0%| F|  |TAMS 0x0000000662400000| PB 0x0000000662400000| Untracked |  0
| 394|0x0000000662800000, 0x0000000662800000, 0x0000000662c00000|  0%| F|  |TAMS 0x0000000662800000| PB 0x0000000662800000| Untracked |  0
| 395|0x0000000662c00000, 0x0000000662c00000, 0x0000000663000000|  0%| F|  |TAMS 0x0000000662c00000| PB 0x0000000662c00000| Untracked |  0
| 396|0x0000000663000000, 0x0000000663000000, 0x0000000663400000|  0%| F|  |TAMS 0x0000000663000000| PB 0x0000000663000000| Untracked |  0
| 397|0x0000000663400000, 0x0000000663400000, 0x0000000663800000|  0%| F|  |TAMS 0x0000000663400000| PB 0x0000000663400000| Untracked |  0
| 398|0x0000000663800000, 0x0000000663800000, 0x0000000663c00000|  0%| F|  |TAMS 0x0000000663800000| PB 0x0000000663800000| Untracked |  0
| 399|0x0000000663c00000, 0x0000000663c00000, 0x0000000664000000|  0%| F|  |TAMS 0x0000000663c00000| PB 0x0000000663c00000| Untracked |  0
| 400|0x0000000664000000, 0x0000000664000000, 0x0000000664400000|  0%| F|  |TAMS 0x0000000664000000| PB 0x0000000664000000| Untracked |  0
| 401|0x0000000664400000, 0x0000000664400000, 0x0000000664800000|  0%| F|  |TAMS 0x0000000664400000| PB 0x0000000664400000| Untracked |  0
| 402|0x0000000664800000, 0x0000000664800000, 0x0000000664c00000|  0%| F|  |TAMS 0x0000000664800000| PB 0x0000000664800000| Untracked |  0
| 403|0x0000000664c00000, 0x0000000664c00000, 0x0000000665000000|  0%| F|  |TAMS 0x0000000664c00000| PB 0x0000000664c00000| Untracked |  0
| 404|0x0000000665000000, 0x0000000665000000, 0x0000000665400000|  0%| F|  |TAMS 0x0000000665000000| PB 0x0000000665000000| Untracked |  0
| 405|0x0000000665400000, 0x0000000665400000, 0x0000000665800000|  0%| F|  |TAMS 0x0000000665400000| PB 0x0000000665400000| Untracked |  0
| 406|0x0000000665800000, 0x0000000665800000, 0x0000000665c00000|  0%| F|  |TAMS 0x0000000665800000| PB 0x0000000665800000| Untracked |  0
| 407|0x0000000665c00000, 0x0000000665c00000, 0x0000000666000000|  0%| F|  |TAMS 0x0000000665c00000| PB 0x0000000665c00000| Untracked |  0
| 408|0x0000000666000000, 0x0000000666000000, 0x0000000666400000|  0%| F|  |TAMS 0x0000000666000000| PB 0x0000000666000000| Untracked |  0
| 409|0x0000000666400000, 0x0000000666400000, 0x0000000666800000|  0%| F|  |TAMS 0x0000000666400000| PB 0x0000000666400000| Untracked |  0
| 410|0x0000000666800000, 0x0000000666800000, 0x0000000666c00000|  0%| F|  |TAMS 0x0000000666800000| PB 0x0000000666800000| Untracked |  0
| 411|0x0000000666c00000, 0x0000000666c00000, 0x0000000667000000|  0%| F|  |TAMS 0x0000000666c00000| PB 0x0000000666c00000| Untracked |  0
| 412|0x0000000667000000, 0x0000000667000000, 0x0000000667400000|  0%| F|  |TAMS 0x0000000667000000| PB 0x0000000667000000| Untracked |  0
| 413|0x0000000667400000, 0x0000000667400000, 0x0000000667800000|  0%| F|  |TAMS 0x0000000667400000| PB 0x0000000667400000| Untracked |  0
| 414|0x0000000667800000, 0x0000000667800000, 0x0000000667c00000|  0%| F|  |TAMS 0x0000000667800000| PB 0x0000000667800000| Untracked |  0
| 415|0x0000000667c00000, 0x0000000667c00000, 0x0000000668000000|  0%| F|  |TAMS 0x0000000667c00000| PB 0x0000000667c00000| Untracked |  0
| 416|0x0000000668000000, 0x0000000668000000, 0x0000000668400000|  0%| F|  |TAMS 0x0000000668000000| PB 0x0000000668000000| Untracked |  0
| 417|0x0000000668400000, 0x0000000668400000, 0x0000000668800000|  0%| F|  |TAMS 0x0000000668400000| PB 0x0000000668400000| Untracked |  0
| 418|0x0000000668800000, 0x0000000668800000, 0x0000000668c00000|  0%| F|  |TAMS 0x0000000668800000| PB 0x0000000668800000| Untracked |  0
| 419|0x0000000668c00000, 0x0000000668c00000, 0x0000000669000000|  0%| F|  |TAMS 0x0000000668c00000| PB 0x0000000668c00000| Untracked |  0
| 420|0x0000000669000000, 0x0000000669000000, 0x0000000669400000|  0%| F|  |TAMS 0x0000000669000000| PB 0x0000000669000000| Untracked |  0
| 421|0x0000000669400000, 0x0000000669400000, 0x0000000669800000|  0%| F|  |TAMS 0x0000000669400000| PB 0x0000000669400000| Untracked |  0
| 422|0x0000000669800000, 0x0000000669800000, 0x0000000669c00000|  0%| F|  |TAMS 0x0000000669800000| PB 0x0000000669800000| Untracked |  0
| 423|0x0000000669c00000, 0x0000000669c00000, 0x000000066a000000|  0%| F|  |TAMS 0x0000000669c00000| PB 0x0000000669c00000| Untracked |  0
| 424|0x000000066a000000, 0x000000066a000000, 0x000000066a400000|  0%| F|  |TAMS 0x000000066a000000| PB 0x000000066a000000| Untracked |  0
| 425|0x000000066a400000, 0x000000066a400000, 0x000000066a800000|  0%| F|  |TAMS 0x000000066a400000| PB 0x000000066a400000| Untracked |  0
| 426|0x000000066a800000, 0x000000066a800000, 0x000000066ac00000|  0%| F|  |TAMS 0x000000066a800000| PB 0x000000066a800000| Untracked |  0
| 427|0x000000066ac00000, 0x000000066ac00000, 0x000000066b000000|  0%| F|  |TAMS 0x000000066ac00000| PB 0x000000066ac00000| Untracked |  0
| 428|0x000000066b000000, 0x000000066b000000, 0x000000066b400000|  0%| F|  |TAMS 0x000000066b000000| PB 0x000000066b000000| Untracked |  0
| 429|0x000000066b400000, 0x000000066b400000, 0x000000066b800000|  0%| F|  |TAMS 0x000000066b400000| PB 0x000000066b400000| Untracked |  0
| 430|0x000000066b800000, 0x000000066b800000, 0x000000066bc00000|  0%| F|  |TAMS 0x000000066b800000| PB 0x000000066b800000| Untracked |  0
| 431|0x000000066bc00000, 0x000000066bc00000, 0x000000066c000000|  0%| F|  |TAMS 0x000000066bc00000| PB 0x000000066bc00000| Untracked |  0
| 432|0x000000066c000000, 0x000000066c000000, 0x000000066c400000|  0%| F|  |TAMS 0x000000066c000000| PB 0x000000066c000000| Untracked |  0
| 433|0x000000066c400000, 0x000000066c400000, 0x000000066c800000|  0%| F|  |TAMS 0x000000066c400000| PB 0x000000066c400000| Untracked |  0
| 434|0x000000066c800000, 0x000000066c800000, 0x000000066cc00000|  0%| F|  |TAMS 0x000000066c800000| PB 0x000000066c800000| Untracked |  0
| 435|0x000000066cc00000, 0x000000066cc00000, 0x000000066d000000|  0%| F|  |TAMS 0x000000066cc00000| PB 0x000000066cc00000| Untracked |  0
| 436|0x000000066d000000, 0x000000066d000000, 0x000000066d400000|  0%| F|  |TAMS 0x000000066d000000| PB 0x000000066d000000| Untracked |  0
| 437|0x000000066d400000, 0x000000066d400000, 0x000000066d800000|  0%| F|  |TAMS 0x000000066d400000| PB 0x000000066d400000| Untracked |  0
| 438|0x000000066d800000, 0x000000066d800000, 0x000000066dc00000|  0%| F|  |TAMS 0x000000066d800000| PB 0x000000066d800000| Untracked |  0
| 439|0x000000066dc00000, 0x000000066dc00000, 0x000000066e000000|  0%| F|  |TAMS 0x000000066dc00000| PB 0x000000066dc00000| Untracked |  0
| 440|0x000000066e000000, 0x000000066e000000, 0x000000066e400000|  0%| F|  |TAMS 0x000000066e000000| PB 0x000000066e000000| Untracked |  0
| 441|0x000000066e400000, 0x000000066e400000, 0x000000066e800000|  0%| F|  |TAMS 0x000000066e400000| PB 0x000000066e400000| Untracked |  0
| 442|0x000000066e800000, 0x000000066e800000, 0x000000066ec00000|  0%| F|  |TAMS 0x000000066e800000| PB 0x000000066e800000| Untracked |  0
| 443|0x000000066ec00000, 0x000000066ec00000, 0x000000066f000000|  0%| F|  |TAMS 0x000000066ec00000| PB 0x000000066ec00000| Untracked |  0
| 444|0x000000066f000000, 0x000000066f000000, 0x000000066f400000|  0%| F|  |TAMS 0x000000066f000000| PB 0x000000066f000000| Untracked |  0
| 445|0x000000066f400000, 0x000000066f400000, 0x000000066f800000|  0%| F|  |TAMS 0x000000066f400000| PB 0x000000066f400000| Untracked |  0
| 446|0x000000066f800000, 0x000000066f800000, 0x000000066fc00000|  0%| F|  |TAMS 0x000000066f800000| PB 0x000000066f800000| Untracked |  0
| 447|0x000000066fc00000, 0x000000066fc00000, 0x0000000670000000|  0%| F|  |TAMS 0x000000066fc00000| PB 0x000000066fc00000| Untracked |  0
| 448|0x0000000670000000, 0x0000000670000000, 0x0000000670400000|  0%| F|  |TAMS 0x0000000670000000| PB 0x0000000670000000| Untracked |  0
| 449|0x0000000670400000, 0x0000000670400000, 0x0000000670800000|  0%| F|  |TAMS 0x0000000670400000| PB 0x0000000670400000| Untracked |  0
| 450|0x0000000670800000, 0x0000000670800000, 0x0000000670c00000|  0%| F|  |TAMS 0x0000000670800000| PB 0x0000000670800000| Untracked |  0
| 451|0x0000000670c00000, 0x0000000670c00000, 0x0000000671000000|  0%| F|  |TAMS 0x0000000670c00000| PB 0x0000000670c00000| Untracked |  0
| 452|0x0000000671000000, 0x0000000671000000, 0x0000000671400000|  0%| F|  |TAMS 0x0000000671000000| PB 0x0000000671000000| Untracked |  0
| 453|0x0000000671400000, 0x0000000671400000, 0x0000000671800000|  0%| F|  |TAMS 0x0000000671400000| PB 0x0000000671400000| Untracked |  0
| 454|0x0000000671800000, 0x0000000671800000, 0x0000000671c00000|  0%| F|  |TAMS 0x0000000671800000| PB 0x0000000671800000| Untracked |  0
| 455|0x0000000671c00000, 0x0000000671c00000, 0x0000000672000000|  0%| F|  |TAMS 0x0000000671c00000| PB 0x0000000671c00000| Untracked |  0
| 456|0x0000000672000000, 0x0000000672000000, 0x0000000672400000|  0%| F|  |TAMS 0x0000000672000000| PB 0x0000000672000000| Untracked |  0
| 457|0x0000000672400000, 0x0000000672400000, 0x0000000672800000|  0%| F|  |TAMS 0x0000000672400000| PB 0x0000000672400000| Untracked |  0
| 458|0x0000000672800000, 0x0000000672800000, 0x0000000672c00000|  0%| F|  |TAMS 0x0000000672800000| PB 0x0000000672800000| Untracked |  0
| 459|0x0000000672c00000, 0x0000000672c00000, 0x0000000673000000|  0%| F|  |TAMS 0x0000000672c00000| PB 0x0000000672c00000| Untracked |  0
| 460|0x0000000673000000, 0x0000000673000000, 0x0000000673400000|  0%| F|  |TAMS 0x0000000673000000| PB 0x0000000673000000| Untracked |  0
| 461|0x0000000673400000, 0x0000000673400000, 0x0000000673800000|  0%| F|  |TAMS 0x0000000673400000| PB 0x0000000673400000| Untracked |  0
| 462|0x0000000673800000, 0x0000000673800000, 0x0000000673c00000|  0%| F|  |TAMS 0x0000000673800000| PB 0x0000000673800000| Untracked |  0
| 463|0x0000000673c00000, 0x0000000673c00000, 0x0000000674000000|  0%| F|  |TAMS 0x0000000673c00000| PB 0x0000000673c00000| Untracked |  0
| 464|0x0000000674000000, 0x0000000674000000, 0x0000000674400000|  0%| F|  |TAMS 0x0000000674000000| PB 0x0000000674000000| Untracked |  0
| 465|0x0000000674400000, 0x0000000674400000, 0x0000000674800000|  0%| F|  |TAMS 0x0000000674400000| PB 0x0000000674400000| Untracked |  0
| 466|0x0000000674800000, 0x0000000674800000, 0x0000000674c00000|  0%| F|  |TAMS 0x0000000674800000| PB 0x0000000674800000| Untracked |  0
| 467|0x0000000674c00000, 0x0000000674c00000, 0x0000000675000000|  0%| F|  |TAMS 0x0000000674c00000| PB 0x0000000674c00000| Untracked |  0
| 468|0x0000000675000000, 0x0000000675000000, 0x0000000675400000|  0%| F|  |TAMS 0x0000000675000000| PB 0x0000000675000000| Untracked |  0
| 469|0x0000000675400000, 0x0000000675400000, 0x0000000675800000|  0%| F|  |TAMS 0x0000000675400000| PB 0x0000000675400000| Untracked |  0
| 470|0x0000000675800000, 0x0000000675800000, 0x0000000675c00000|  0%| F|  |TAMS 0x0000000675800000| PB 0x0000000675800000| Untracked |  0
| 471|0x0000000675c00000, 0x0000000675c00000, 0x0000000676000000|  0%| F|  |TAMS 0x0000000675c00000| PB 0x0000000675c00000| Untracked |  0
| 472|0x0000000676000000, 0x0000000676000000, 0x0000000676400000|  0%| F|  |TAMS 0x0000000676000000| PB 0x0000000676000000| Untracked |  0
| 473|0x0000000676400000, 0x0000000676400000, 0x0000000676800000|  0%| F|  |TAMS 0x0000000676400000| PB 0x0000000676400000| Untracked |  0
| 474|0x0000000676800000, 0x0000000676800000, 0x0000000676c00000|  0%| F|  |TAMS 0x0000000676800000| PB 0x0000000676800000| Untracked |  0
| 475|0x0000000676c00000, 0x0000000676c00000, 0x0000000677000000|  0%| F|  |TAMS 0x0000000676c00000| PB 0x0000000676c00000| Untracked |  0
| 476|0x0000000677000000, 0x0000000677000000, 0x0000000677400000|  0%| F|  |TAMS 0x0000000677000000| PB 0x0000000677000000| Untracked |  0
| 477|0x0000000677400000, 0x0000000677400000, 0x0000000677800000|  0%| F|  |TAMS 0x0000000677400000| PB 0x0000000677400000| Untracked |  0
| 478|0x0000000677800000, 0x0000000677800000, 0x0000000677c00000|  0%| F|  |TAMS 0x0000000677800000| PB 0x0000000677800000| Untracked |  0
| 479|0x0000000677c00000, 0x0000000677c00000, 0x0000000678000000|  0%| F|  |TAMS 0x0000000677c00000| PB 0x0000000677c00000| Untracked |  0
| 480|0x0000000678000000, 0x0000000678000000, 0x0000000678400000|  0%| F|  |TAMS 0x0000000678000000| PB 0x0000000678000000| Untracked |  0
| 481|0x0000000678400000, 0x0000000678400000, 0x0000000678800000|  0%| F|  |TAMS 0x0000000678400000| PB 0x0000000678400000| Untracked |  0
| 482|0x0000000678800000, 0x0000000678800000, 0x0000000678c00000|  0%| F|  |TAMS 0x0000000678800000| PB 0x0000000678800000| Untracked |  0
| 483|0x0000000678c00000, 0x0000000678c00000, 0x0000000679000000|  0%| F|  |TAMS 0x0000000678c00000| PB 0x0000000678c00000| Untracked |  0
| 484|0x0000000679000000, 0x0000000679000000, 0x0000000679400000|  0%| F|  |TAMS 0x0000000679000000| PB 0x0000000679000000| Untracked |  0
| 485|0x0000000679400000, 0x0000000679400000, 0x0000000679800000|  0%| F|  |TAMS 0x0000000679400000| PB 0x0000000679400000| Untracked |  0
| 486|0x0000000679800000, 0x0000000679800000, 0x0000000679c00000|  0%| F|  |TAMS 0x0000000679800000| PB 0x0000000679800000| Untracked |  0
| 487|0x0000000679c00000, 0x0000000679c00000, 0x000000067a000000|  0%| F|  |TAMS 0x0000000679c00000| PB 0x0000000679c00000| Untracked |  0
| 488|0x000000067a000000, 0x000000067a000000, 0x000000067a400000|  0%| F|  |TAMS 0x000000067a000000| PB 0x000000067a000000| Untracked |  0
| 489|0x000000067a400000, 0x000000067a400000, 0x000000067a800000|  0%| F|  |TAMS 0x000000067a400000| PB 0x000000067a400000| Untracked |  0
| 490|0x000000067a800000, 0x000000067a800000, 0x000000067ac00000|  0%| F|  |TAMS 0x000000067a800000| PB 0x000000067a800000| Untracked |  0
| 491|0x000000067ac00000, 0x000000067ac00000, 0x000000067b000000|  0%| F|  |TAMS 0x000000067ac00000| PB 0x000000067ac00000| Untracked |  0
| 492|0x000000067b000000, 0x000000067b000000, 0x000000067b400000|  0%| F|  |TAMS 0x000000067b000000| PB 0x000000067b000000| Untracked |  0
| 493|0x000000067b400000, 0x000000067b400000, 0x000000067b800000|  0%| F|  |TAMS 0x000000067b400000| PB 0x000000067b400000| Untracked |  0
| 494|0x000000067b800000, 0x000000067b800000, 0x000000067bc00000|  0%| F|  |TAMS 0x000000067b800000| PB 0x000000067b800000| Untracked |  0
| 495|0x000000067bc00000, 0x000000067bc00000, 0x000000067c000000|  0%| F|  |TAMS 0x000000067bc00000| PB 0x000000067bc00000| Untracked |  0
| 496|0x000000067c000000, 0x000000067c000000, 0x000000067c400000|  0%| F|  |TAMS 0x000000067c000000| PB 0x000000067c000000| Untracked |  0
| 497|0x000000067c400000, 0x000000067c400000, 0x000000067c800000|  0%| F|  |TAMS 0x000000067c400000| PB 0x000000067c400000| Untracked |  0
| 498|0x000000067c800000, 0x000000067c800000, 0x000000067cc00000|  0%| F|  |TAMS 0x000000067c800000| PB 0x000000067c800000| Untracked |  0
| 499|0x000000067cc00000, 0x000000067cc00000, 0x000000067d000000|  0%| F|  |TAMS 0x000000067cc00000| PB 0x000000067cc00000| Untracked |  0
| 500|0x000000067d000000, 0x000000067d000000, 0x000000067d400000|  0%| F|  |TAMS 0x000000067d000000| PB 0x000000067d000000| Untracked |  0
| 501|0x000000067d400000, 0x000000067d400000, 0x000000067d800000|  0%| F|  |TAMS 0x000000067d400000| PB 0x000000067d400000| Untracked |  0
| 502|0x000000067d800000, 0x000000067d800000, 0x000000067dc00000|  0%| F|  |TAMS 0x000000067d800000| PB 0x000000067d800000| Untracked |  0
| 503|0x000000067dc00000, 0x000000067dc00000, 0x000000067e000000|  0%| F|  |TAMS 0x000000067dc00000| PB 0x000000067dc00000| Untracked |  0
| 504|0x000000067e000000, 0x000000067e000000, 0x000000067e400000|  0%| F|  |TAMS 0x000000067e000000| PB 0x000000067e000000| Untracked |  0
| 505|0x000000067e400000, 0x000000067e400000, 0x000000067e800000|  0%| F|  |TAMS 0x000000067e400000| PB 0x000000067e400000| Untracked |  0
| 506|0x000000067e800000, 0x000000067e800000, 0x000000067ec00000|  0%| F|  |TAMS 0x000000067e800000| PB 0x000000067e800000| Untracked |  0
| 507|0x000000067ec00000, 0x000000067ec00000, 0x000000067f000000|  0%| F|  |TAMS 0x000000067ec00000| PB 0x000000067ec00000| Untracked |  0
| 508|0x000000067f000000, 0x000000067f000000, 0x000000067f400000|  0%| F|  |TAMS 0x000000067f000000| PB 0x000000067f000000| Untracked |  0
| 509|0x000000067f400000, 0x000000067f400000, 0x000000067f800000|  0%| F|  |TAMS 0x000000067f400000| PB 0x000000067f400000| Untracked |  0
| 510|0x000000067f800000, 0x000000067f800000, 0x000000067fc00000|  0%| F|  |TAMS 0x000000067f800000| PB 0x000000067f800000| Untracked |  0
| 511|0x000000067fc00000, 0x000000067fc00000, 0x0000000680000000|  0%| F|  |TAMS 0x000000067fc00000| PB 0x000000067fc00000| Untracked |  0
| 512|0x0000000680000000, 0x0000000680000000, 0x0000000680400000|  0%| F|  |TAMS 0x0000000680000000| PB 0x0000000680000000| Untracked |  0
| 513|0x0000000680400000, 0x0000000680400000, 0x0000000680800000|  0%| F|  |TAMS 0x0000000680400000| PB 0x0000000680400000| Untracked |  0
| 514|0x0000000680800000, 0x0000000680800000, 0x0000000680c00000|  0%| F|  |TAMS 0x0000000680800000| PB 0x0000000680800000| Untracked |  0
| 515|0x0000000680c00000, 0x0000000680c00000, 0x0000000681000000|  0%| F|  |TAMS 0x0000000680c00000| PB 0x0000000680c00000| Untracked |  0
| 516|0x0000000681000000, 0x0000000681000000, 0x0000000681400000|  0%| F|  |TAMS 0x0000000681000000| PB 0x0000000681000000| Untracked |  0
| 517|0x0000000681400000, 0x0000000681400000, 0x0000000681800000|  0%| F|  |TAMS 0x0000000681400000| PB 0x0000000681400000| Untracked |  0
| 518|0x0000000681800000, 0x0000000681800000, 0x0000000681c00000|  0%| F|  |TAMS 0x0000000681800000| PB 0x0000000681800000| Untracked |  0
| 519|0x0000000681c00000, 0x0000000681c00000, 0x0000000682000000|  0%| F|  |TAMS 0x0000000681c00000| PB 0x0000000681c00000| Untracked |  0
| 520|0x0000000682000000, 0x0000000682000000, 0x0000000682400000|  0%| F|  |TAMS 0x0000000682000000| PB 0x0000000682000000| Untracked |  0
| 521|0x0000000682400000, 0x0000000682400000, 0x0000000682800000|  0%| F|  |TAMS 0x0000000682400000| PB 0x0000000682400000| Untracked |  0
| 522|0x0000000682800000, 0x0000000682800000, 0x0000000682c00000|  0%| F|  |TAMS 0x0000000682800000| PB 0x0000000682800000| Untracked |  0
| 523|0x0000000682c00000, 0x0000000682c00000, 0x0000000683000000|  0%| F|  |TAMS 0x0000000682c00000| PB 0x0000000682c00000| Untracked |  0
| 524|0x0000000683000000, 0x0000000683000000, 0x0000000683400000|  0%| F|  |TAMS 0x0000000683000000| PB 0x0000000683000000| Untracked |  0
| 525|0x0000000683400000, 0x0000000683400000, 0x0000000683800000|  0%| F|  |TAMS 0x0000000683400000| PB 0x0000000683400000| Untracked |  0
| 526|0x0000000683800000, 0x0000000683800000, 0x0000000683c00000|  0%| F|  |TAMS 0x0000000683800000| PB 0x0000000683800000| Untracked |  0
| 527|0x0000000683c00000, 0x0000000683c00000, 0x0000000684000000|  0%| F|  |TAMS 0x0000000683c00000| PB 0x0000000683c00000| Untracked |  0
| 528|0x0000000684000000, 0x0000000684000000, 0x0000000684400000|  0%| F|  |TAMS 0x0000000684000000| PB 0x0000000684000000| Untracked |  0
| 529|0x0000000684400000, 0x0000000684400000, 0x0000000684800000|  0%| F|  |TAMS 0x0000000684400000| PB 0x0000000684400000| Untracked |  0
| 530|0x0000000684800000, 0x0000000684800000, 0x0000000684c00000|  0%| F|  |TAMS 0x0000000684800000| PB 0x0000000684800000| Untracked |  0
| 531|0x0000000684c00000, 0x0000000684c00000, 0x0000000685000000|  0%| F|  |TAMS 0x0000000684c00000| PB 0x0000000684c00000| Untracked |  0
| 532|0x0000000685000000, 0x0000000685000000, 0x0000000685400000|  0%| F|  |TAMS 0x0000000685000000| PB 0x0000000685000000| Untracked |  0
| 533|0x0000000685400000, 0x0000000685400000, 0x0000000685800000|  0%| F|  |TAMS 0x0000000685400000| PB 0x0000000685400000| Untracked |  0
| 534|0x0000000685800000, 0x0000000685800000, 0x0000000685c00000|  0%| F|  |TAMS 0x0000000685800000| PB 0x0000000685800000| Untracked |  0
| 535|0x0000000685c00000, 0x0000000685c00000, 0x0000000686000000|  0%| F|  |TAMS 0x0000000685c00000| PB 0x0000000685c00000| Untracked |  0
| 536|0x0000000686000000, 0x0000000686000000, 0x0000000686400000|  0%| F|  |TAMS 0x0000000686000000| PB 0x0000000686000000| Untracked |  0
| 537|0x0000000686400000, 0x0000000686400000, 0x0000000686800000|  0%| F|  |TAMS 0x0000000686400000| PB 0x0000000686400000| Untracked |  0
| 538|0x0000000686800000, 0x0000000686800000, 0x0000000686c00000|  0%| F|  |TAMS 0x0000000686800000| PB 0x0000000686800000| Untracked |  0
| 539|0x0000000686c00000, 0x0000000686c00000, 0x0000000687000000|  0%| F|  |TAMS 0x0000000686c00000| PB 0x0000000686c00000| Untracked |  0
| 540|0x0000000687000000, 0x0000000687000000, 0x0000000687400000|  0%| F|  |TAMS 0x0000000687000000| PB 0x0000000687000000| Untracked |  0
| 541|0x0000000687400000, 0x0000000687400000, 0x0000000687800000|  0%| F|  |TAMS 0x0000000687400000| PB 0x0000000687400000| Untracked |  0
| 542|0x0000000687800000, 0x0000000687800000, 0x0000000687c00000|  0%| F|  |TAMS 0x0000000687800000| PB 0x0000000687800000| Untracked |  0
| 543|0x0000000687c00000, 0x0000000687c00000, 0x0000000688000000|  0%| F|  |TAMS 0x0000000687c00000| PB 0x0000000687c00000| Untracked |  0
| 544|0x0000000688000000, 0x0000000688000000, 0x0000000688400000|  0%| F|  |TAMS 0x0000000688000000| PB 0x0000000688000000| Untracked |  0
| 545|0x0000000688400000, 0x0000000688400000, 0x0000000688800000|  0%| F|  |TAMS 0x0000000688400000| PB 0x0000000688400000| Untracked |  0
| 546|0x0000000688800000, 0x0000000688800000, 0x0000000688c00000|  0%| F|  |TAMS 0x0000000688800000| PB 0x0000000688800000| Untracked |  0
| 547|0x0000000688c00000, 0x0000000688c00000, 0x0000000689000000|  0%| F|  |TAMS 0x0000000688c00000| PB 0x0000000688c00000| Untracked |  0
| 548|0x0000000689000000, 0x0000000689000000, 0x0000000689400000|  0%| F|  |TAMS 0x0000000689000000| PB 0x0000000689000000| Untracked |  0
| 549|0x0000000689400000, 0x0000000689400000, 0x0000000689800000|  0%| F|  |TAMS 0x0000000689400000| PB 0x0000000689400000| Untracked |  0
| 550|0x0000000689800000, 0x0000000689800000, 0x0000000689c00000|  0%| F|  |TAMS 0x0000000689800000| PB 0x0000000689800000| Untracked |  0
| 551|0x0000000689c00000, 0x0000000689c00000, 0x000000068a000000|  0%| F|  |TAMS 0x0000000689c00000| PB 0x0000000689c00000| Untracked |  0
| 552|0x000000068a000000, 0x000000068a000000, 0x000000068a400000|  0%| F|  |TAMS 0x000000068a000000| PB 0x000000068a000000| Untracked |  0
| 553|0x000000068a400000, 0x000000068a400000, 0x000000068a800000|  0%| F|  |TAMS 0x000000068a400000| PB 0x000000068a400000| Untracked |  0
| 554|0x000000068a800000, 0x000000068a800000, 0x000000068ac00000|  0%| F|  |TAMS 0x000000068a800000| PB 0x000000068a800000| Untracked |  0
| 555|0x000000068ac00000, 0x000000068ac00000, 0x000000068b000000|  0%| F|  |TAMS 0x000000068ac00000| PB 0x000000068ac00000| Untracked |  0
| 556|0x000000068b000000, 0x000000068b000000, 0x000000068b400000|  0%| F|  |TAMS 0x000000068b000000| PB 0x000000068b000000| Untracked |  0
| 557|0x000000068b400000, 0x000000068b400000, 0x000000068b800000|  0%| F|  |TAMS 0x000000068b400000| PB 0x000000068b400000| Untracked |  0
| 558|0x000000068b800000, 0x000000068b800000, 0x000000068bc00000|  0%| F|  |TAMS 0x000000068b800000| PB 0x000000068b800000| Untracked |  0
| 559|0x000000068bc00000, 0x000000068bc00000, 0x000000068c000000|  0%| F|  |TAMS 0x000000068bc00000| PB 0x000000068bc00000| Untracked |  0
| 560|0x000000068c000000, 0x000000068c000000, 0x000000068c400000|  0%| F|  |TAMS 0x000000068c000000| PB 0x000000068c000000| Untracked |  0
| 561|0x000000068c400000, 0x000000068c400000, 0x000000068c800000|  0%| F|  |TAMS 0x000000068c400000| PB 0x000000068c400000| Untracked |  0
| 562|0x000000068c800000, 0x000000068c800000, 0x000000068cc00000|  0%| F|  |TAMS 0x000000068c800000| PB 0x000000068c800000| Untracked |  0
| 563|0x000000068cc00000, 0x000000068cc00000, 0x000000068d000000|  0%| F|  |TAMS 0x000000068cc00000| PB 0x000000068cc00000| Untracked |  0
| 564|0x000000068d000000, 0x000000068d000000, 0x000000068d400000|  0%| F|  |TAMS 0x000000068d000000| PB 0x000000068d000000| Untracked |  0
| 565|0x000000068d400000, 0x000000068d400000, 0x000000068d800000|  0%| F|  |TAMS 0x000000068d400000| PB 0x000000068d400000| Untracked |  0
| 566|0x000000068d800000, 0x000000068d800000, 0x000000068dc00000|  0%| F|  |TAMS 0x000000068d800000| PB 0x000000068d800000| Untracked |  0
| 567|0x000000068dc00000, 0x000000068dc00000, 0x000000068e000000|  0%| F|  |TAMS 0x000000068dc00000| PB 0x000000068dc00000| Untracked |  0
| 568|0x000000068e000000, 0x000000068e000000, 0x000000068e400000|  0%| F|  |TAMS 0x000000068e000000| PB 0x000000068e000000| Untracked |  0
| 569|0x000000068e400000, 0x000000068e400000, 0x000000068e800000|  0%| F|  |TAMS 0x000000068e400000| PB 0x000000068e400000| Untracked |  0
| 570|0x000000068e800000, 0x000000068e800000, 0x000000068ec00000|  0%| F|  |TAMS 0x000000068e800000| PB 0x000000068e800000| Untracked |  0
| 571|0x000000068ec00000, 0x000000068ec00000, 0x000000068f000000|  0%| F|  |TAMS 0x000000068ec00000| PB 0x000000068ec00000| Untracked |  0
| 572|0x000000068f000000, 0x000000068f000000, 0x000000068f400000|  0%| F|  |TAMS 0x000000068f000000| PB 0x000000068f000000| Untracked |  0
| 573|0x000000068f400000, 0x000000068f400000, 0x000000068f800000|  0%| F|  |TAMS 0x000000068f400000| PB 0x000000068f400000| Untracked |  0
| 574|0x000000068f800000, 0x000000068f800000, 0x000000068fc00000|  0%| F|  |TAMS 0x000000068f800000| PB 0x000000068f800000| Untracked |  0
| 575|0x000000068fc00000, 0x000000068fc00000, 0x0000000690000000|  0%| F|  |TAMS 0x000000068fc00000| PB 0x000000068fc00000| Untracked |  0
| 576|0x0000000690000000, 0x0000000690000000, 0x0000000690400000|  0%| F|  |TAMS 0x0000000690000000| PB 0x0000000690000000| Untracked |  0
| 577|0x0000000690400000, 0x0000000690400000, 0x0000000690800000|  0%| F|  |TAMS 0x0000000690400000| PB 0x0000000690400000| Untracked |  0
| 578|0x0000000690800000, 0x0000000690800000, 0x0000000690c00000|  0%| F|  |TAMS 0x0000000690800000| PB 0x0000000690800000| Untracked |  0
| 579|0x0000000690c00000, 0x0000000690c00000, 0x0000000691000000|  0%| F|  |TAMS 0x0000000690c00000| PB 0x0000000690c00000| Untracked |  0
| 580|0x0000000691000000, 0x0000000691000000, 0x0000000691400000|  0%| F|  |TAMS 0x0000000691000000| PB 0x0000000691000000| Untracked |  0
| 581|0x0000000691400000, 0x0000000691400000, 0x0000000691800000|  0%| F|  |TAMS 0x0000000691400000| PB 0x0000000691400000| Untracked |  0
| 582|0x0000000691800000, 0x0000000691800000, 0x0000000691c00000|  0%| F|  |TAMS 0x0000000691800000| PB 0x0000000691800000| Untracked |  0
| 583|0x0000000691c00000, 0x0000000691c00000, 0x0000000692000000|  0%| F|  |TAMS 0x0000000691c00000| PB 0x0000000691c00000| Untracked |  0
| 584|0x0000000692000000, 0x0000000692000000, 0x0000000692400000|  0%| F|  |TAMS 0x0000000692000000| PB 0x0000000692000000| Untracked |  0
| 585|0x0000000692400000, 0x0000000692400000, 0x0000000692800000|  0%| F|  |TAMS 0x0000000692400000| PB 0x0000000692400000| Untracked |  0
| 586|0x0000000692800000, 0x0000000692800000, 0x0000000692c00000|  0%| F|  |TAMS 0x0000000692800000| PB 0x0000000692800000| Untracked |  0
| 587|0x0000000692c00000, 0x0000000692c00000, 0x0000000693000000|  0%| F|  |TAMS 0x0000000692c00000| PB 0x0000000692c00000| Untracked |  0
| 588|0x0000000693000000, 0x0000000693000000, 0x0000000693400000|  0%| F|  |TAMS 0x0000000693000000| PB 0x0000000693000000| Untracked |  0
| 589|0x0000000693400000, 0x0000000693400000, 0x0000000693800000|  0%| F|  |TAMS 0x0000000693400000| PB 0x0000000693400000| Untracked |  0
| 590|0x0000000693800000, 0x0000000693af0080, 0x0000000693c00000| 73%| S|CS|TAMS 0x0000000693800000| PB 0x0000000693800000| Complete |  0
| 591|0x0000000693c00000, 0x0000000694000000, 0x0000000694000000|100%| S|CS|TAMS 0x0000000693c00000| PB 0x0000000693c00000| Complete |  0
| 592|0x0000000694000000, 0x0000000694400000, 0x0000000694400000|100%| S|CS|TAMS 0x0000000694000000| PB 0x0000000694000000| Complete |  0
| 593|0x0000000694400000, 0x0000000694800000, 0x0000000694800000|100%| S|CS|TAMS 0x0000000694400000| PB 0x0000000694400000| Complete |  0
| 594|0x0000000694800000, 0x0000000694c00000, 0x0000000694c00000|100%| S|CS|TAMS 0x0000000694800000| PB 0x0000000694800000| Complete |  0
| 595|0x0000000694c00000, 0x0000000695000000, 0x0000000695000000|100%| S|CS|TAMS 0x0000000694c00000| PB 0x0000000694c00000| Complete |  0
| 596|0x0000000695000000, 0x0000000695400000, 0x0000000695400000|100%| S|CS|TAMS 0x0000000695000000| PB 0x0000000695000000| Complete |  0
| 597|0x0000000695400000, 0x0000000695800000, 0x0000000695800000|100%| S|CS|TAMS 0x0000000695400000| PB 0x0000000695400000| Complete |  0
| 598|0x0000000695800000, 0x0000000695c00000, 0x0000000695c00000|100%| S|CS|TAMS 0x0000000695800000| PB 0x0000000695800000| Complete |  0
| 599|0x0000000695c00000, 0x0000000696000000, 0x0000000696000000|100%| S|CS|TAMS 0x0000000695c00000| PB 0x0000000695c00000| Complete |  0
| 600|0x0000000696000000, 0x0000000696000000, 0x0000000696400000|  0%| F|  |TAMS 0x0000000696000000| PB 0x0000000696000000| Untracked |  0
| 601|0x0000000696400000, 0x0000000696400000, 0x0000000696800000|  0%| F|  |TAMS 0x0000000696400000| PB 0x0000000696400000| Untracked |  0
| 602|0x0000000696800000, 0x0000000696800000, 0x0000000696c00000|  0%| F|  |TAMS 0x0000000696800000| PB 0x0000000696800000| Untracked |  0
| 603|0x0000000696c00000, 0x0000000696c00000, 0x0000000697000000|  0%| F|  |TAMS 0x0000000696c00000| PB 0x0000000696c00000| Untracked |  0
| 604|0x0000000697000000, 0x0000000697000000, 0x0000000697400000|  0%| F|  |TAMS 0x0000000697000000| PB 0x0000000697000000| Untracked |  0
| 605|0x0000000697400000, 0x0000000697400000, 0x0000000697800000|  0%| F|  |TAMS 0x0000000697400000| PB 0x0000000697400000| Untracked |  0
| 606|0x0000000697800000, 0x0000000697800000, 0x0000000697c00000|  0%| F|  |TAMS 0x0000000697800000| PB 0x0000000697800000| Untracked |  0
| 607|0x0000000697c00000, 0x0000000697c00000, 0x0000000698000000|  0%| F|  |TAMS 0x0000000697c00000| PB 0x0000000697c00000| Untracked |  0
| 608|0x0000000698000000, 0x0000000698000000, 0x0000000698400000|  0%| F|  |TAMS 0x0000000698000000| PB 0x0000000698000000| Untracked |  0
| 609|0x0000000698400000, 0x0000000698400000, 0x0000000698800000|  0%| F|  |TAMS 0x0000000698400000| PB 0x0000000698400000| Untracked |  0
| 610|0x0000000698800000, 0x0000000698800000, 0x0000000698c00000|  0%| F|  |TAMS 0x0000000698800000| PB 0x0000000698800000| Untracked |  0
| 611|0x0000000698c00000, 0x0000000698c00000, 0x0000000699000000|  0%| F|  |TAMS 0x0000000698c00000| PB 0x0000000698c00000| Untracked |  0
| 612|0x0000000699000000, 0x0000000699000000, 0x0000000699400000|  0%| F|  |TAMS 0x0000000699000000| PB 0x0000000699000000| Untracked |  0
| 613|0x0000000699400000, 0x0000000699400000, 0x0000000699800000|  0%| F|  |TAMS 0x0000000699400000| PB 0x0000000699400000| Untracked |  0
| 614|0x0000000699800000, 0x0000000699800000, 0x0000000699c00000|  0%| F|  |TAMS 0x0000000699800000| PB 0x0000000699800000| Untracked |  0
| 615|0x0000000699c00000, 0x0000000699c00000, 0x000000069a000000|  0%| F|  |TAMS 0x0000000699c00000| PB 0x0000000699c00000| Untracked |  0
| 616|0x000000069a000000, 0x000000069a000000, 0x000000069a400000|  0%| F|  |TAMS 0x000000069a000000| PB 0x000000069a000000| Untracked |  0
| 617|0x000000069a400000, 0x000000069a400000, 0x000000069a800000|  0%| F|  |TAMS 0x000000069a400000| PB 0x000000069a400000| Untracked |  0
| 618|0x000000069a800000, 0x000000069a800000, 0x000000069ac00000|  0%| F|  |TAMS 0x000000069a800000| PB 0x000000069a800000| Untracked |  0
| 619|0x000000069ac00000, 0x000000069ac00000, 0x000000069b000000|  0%| F|  |TAMS 0x000000069ac00000| PB 0x000000069ac00000| Untracked |  0
| 620|0x000000069b000000, 0x000000069b000000, 0x000000069b400000|  0%| F|  |TAMS 0x000000069b000000| PB 0x000000069b000000| Untracked |  0
| 621|0x000000069b400000, 0x000000069b400000, 0x000000069b800000|  0%| F|  |TAMS 0x000000069b400000| PB 0x000000069b400000| Untracked |  0
| 622|0x000000069b800000, 0x000000069b800000, 0x000000069bc00000|  0%| F|  |TAMS 0x000000069b800000| PB 0x000000069b800000| Untracked |  0
| 623|0x000000069bc00000, 0x000000069bc00000, 0x000000069c000000|  0%| F|  |TAMS 0x000000069bc00000| PB 0x000000069bc00000| Untracked |  0
| 624|0x000000069c000000, 0x000000069c000000, 0x000000069c400000|  0%| F|  |TAMS 0x000000069c000000| PB 0x000000069c000000| Untracked |  0
| 625|0x000000069c400000, 0x000000069c400000, 0x000000069c800000|  0%| F|  |TAMS 0x000000069c400000| PB 0x000000069c400000| Untracked |  0
| 626|0x000000069c800000, 0x000000069c800000, 0x000000069cc00000|  0%| F|  |TAMS 0x000000069c800000| PB 0x000000069c800000| Untracked |  0
| 627|0x000000069cc00000, 0x000000069cc00000, 0x000000069d000000|  0%| F|  |TAMS 0x000000069cc00000| PB 0x000000069cc00000| Untracked |  0
| 628|0x000000069d000000, 0x000000069d000000, 0x000000069d400000|  0%| F|  |TAMS 0x000000069d000000| PB 0x000000069d000000| Untracked |  0
| 629|0x000000069d400000, 0x000000069d400000, 0x000000069d800000|  0%| F|  |TAMS 0x000000069d400000| PB 0x000000069d400000| Untracked |  0
| 630|0x000000069d800000, 0x000000069d800000, 0x000000069dc00000|  0%| F|  |TAMS 0x000000069d800000| PB 0x000000069d800000| Untracked |  0
| 631|0x000000069dc00000, 0x000000069dc00000, 0x000000069e000000|  0%| F|  |TAMS 0x000000069dc00000| PB 0x000000069dc00000| Untracked |  0
| 632|0x000000069e000000, 0x000000069e000000, 0x000000069e400000|  0%| F|  |TAMS 0x000000069e000000| PB 0x000000069e000000| Untracked |  0
| 633|0x000000069e400000, 0x000000069e400000, 0x000000069e800000|  0%| F|  |TAMS 0x000000069e400000| PB 0x000000069e400000| Untracked |  0
| 634|0x000000069e800000, 0x000000069e800000, 0x000000069ec00000|  0%| F|  |TAMS 0x000000069e800000| PB 0x000000069e800000| Untracked |  0
| 635|0x000000069ec00000, 0x000000069ec00000, 0x000000069f000000|  0%| F|  |TAMS 0x000000069ec00000| PB 0x000000069ec00000| Untracked |  0
| 636|0x000000069f000000, 0x000000069f000000, 0x000000069f400000|  0%| F|  |TAMS 0x000000069f000000| PB 0x000000069f000000| Untracked |  0
| 637|0x000000069f400000, 0x000000069f400000, 0x000000069f800000|  0%| F|  |TAMS 0x000000069f400000| PB 0x000000069f400000| Untracked |  0
| 638|0x000000069f800000, 0x000000069f800000, 0x000000069fc00000|  0%| F|  |TAMS 0x000000069f800000| PB 0x000000069f800000| Untracked |  0
| 639|0x000000069fc00000, 0x000000069fc00000, 0x00000006a0000000|  0%| F|  |TAMS 0x000000069fc00000| PB 0x000000069fc00000| Untracked |  0
| 640|0x00000006a0000000, 0x00000006a0000000, 0x00000006a0400000|  0%| F|  |TAMS 0x00000006a0000000| PB 0x00000006a0000000| Untracked |  0
| 641|0x00000006a0400000, 0x00000006a0400000, 0x00000006a0800000|  0%| F|  |TAMS 0x00000006a0400000| PB 0x00000006a0400000| Untracked |  0
| 642|0x00000006a0800000, 0x00000006a0800000, 0x00000006a0c00000|  0%| F|  |TAMS 0x00000006a0800000| PB 0x00000006a0800000| Untracked |  0
| 643|0x00000006a0c00000, 0x00000006a0c00000, 0x00000006a1000000|  0%| F|  |TAMS 0x00000006a0c00000| PB 0x00000006a0c00000| Untracked |  0
| 644|0x00000006a1000000, 0x00000006a1000000, 0x00000006a1400000|  0%| F|  |TAMS 0x00000006a1000000| PB 0x00000006a1000000| Untracked |  0
| 645|0x00000006a1400000, 0x00000006a1400000, 0x00000006a1800000|  0%| F|  |TAMS 0x00000006a1400000| PB 0x00000006a1400000| Untracked |  0
| 646|0x00000006a1800000, 0x00000006a1800000, 0x00000006a1c00000|  0%| F|  |TAMS 0x00000006a1800000| PB 0x00000006a1800000| Untracked |  0
| 647|0x00000006a1c00000, 0x00000006a1c00000, 0x00000006a2000000|  0%| F|  |TAMS 0x00000006a1c00000| PB 0x00000006a1c00000| Untracked |  0
| 648|0x00000006a2000000, 0x00000006a2000000, 0x00000006a2400000|  0%| F|  |TAMS 0x00000006a2000000| PB 0x00000006a2000000| Untracked |  0
| 649|0x00000006a2400000, 0x00000006a2400000, 0x00000006a2800000|  0%| F|  |TAMS 0x00000006a2400000| PB 0x00000006a2400000| Untracked |  0
| 650|0x00000006a2800000, 0x00000006a2800000, 0x00000006a2c00000|  0%| F|  |TAMS 0x00000006a2800000| PB 0x00000006a2800000| Untracked |  0
| 651|0x00000006a2c00000, 0x00000006a2c00000, 0x00000006a3000000|  0%| F|  |TAMS 0x00000006a2c00000| PB 0x00000006a2c00000| Untracked |  0
| 652|0x00000006a3000000, 0x00000006a3000000, 0x00000006a3400000|  0%| F|  |TAMS 0x00000006a3000000| PB 0x00000006a3000000| Untracked |  0
| 653|0x00000006a3400000, 0x00000006a3400000, 0x00000006a3800000|  0%| F|  |TAMS 0x00000006a3400000| PB 0x00000006a3400000| Untracked |  0
| 654|0x00000006a3800000, 0x00000006a3800000, 0x00000006a3c00000|  0%| F|  |TAMS 0x00000006a3800000| PB 0x00000006a3800000| Untracked |  0
| 655|0x00000006a3c00000, 0x00000006a3c00000, 0x00000006a4000000|  0%| F|  |TAMS 0x00000006a3c00000| PB 0x00000006a3c00000| Untracked |  0
| 656|0x00000006a4000000, 0x00000006a42bebc0, 0x00000006a4400000| 68%| E|  |TAMS 0x00000006a4000000| PB 0x00000006a4000000| Complete |  0
| 657|0x00000006a4400000, 0x00000006a4800000, 0x00000006a4800000|100%| E|CS|TAMS 0x00000006a4400000| PB 0x00000006a4400000| Complete |  0
| 658|0x00000006a4800000, 0x00000006a4c00000, 0x00000006a4c00000|100%| E|CS|TAMS 0x00000006a4800000| PB 0x00000006a4800000| Complete |  0
| 659|0x00000006a4c00000, 0x00000006a5000000, 0x00000006a5000000|100%| E|CS|TAMS 0x00000006a4c00000| PB 0x00000006a4c00000| Complete |  0
| 660|0x00000006a5000000, 0x00000006a5400000, 0x00000006a5400000|100%| E|CS|TAMS 0x00000006a5000000| PB 0x00000006a5000000| Complete |  0
| 661|0x00000006a5400000, 0x00000006a5800000, 0x00000006a5800000|100%| E|CS|TAMS 0x00000006a5400000| PB 0x00000006a5400000| Complete |  0
| 662|0x00000006a5800000, 0x00000006a5c00000, 0x00000006a5c00000|100%| E|CS|TAMS 0x00000006a5800000| PB 0x00000006a5800000| Complete |  0
| 663|0x00000006a5c00000, 0x00000006a6000000, 0x00000006a6000000|100%| E|CS|TAMS 0x00000006a5c00000| PB 0x00000006a5c00000| Complete |  0
| 664|0x00000006a6000000, 0x00000006a6400000, 0x00000006a6400000|100%| E|CS|TAMS 0x00000006a6000000| PB 0x00000006a6000000| Complete |  0
| 665|0x00000006a6400000, 0x00000006a6800000, 0x00000006a6800000|100%| E|CS|TAMS 0x00000006a6400000| PB 0x00000006a6400000| Complete |  0
| 666|0x00000006a6800000, 0x00000006a6c00000, 0x00000006a6c00000|100%| E|CS|TAMS 0x00000006a6800000| PB 0x00000006a6800000| Complete |  0
| 667|0x00000006a6c00000, 0x00000006a7000000, 0x00000006a7000000|100%| E|CS|TAMS 0x00000006a6c00000| PB 0x00000006a6c00000| Complete |  0
| 668|0x00000006a7000000, 0x00000006a7400000, 0x00000006a7400000|100%| E|CS|TAMS 0x00000006a7000000| PB 0x00000006a7000000| Complete |  0
| 669|0x00000006a7400000, 0x00000006a7800000, 0x00000006a7800000|100%| E|CS|TAMS 0x00000006a7400000| PB 0x00000006a7400000| Complete |  0
| 670|0x00000006a7800000, 0x00000006a7c00000, 0x00000006a7c00000|100%| E|CS|TAMS 0x00000006a7800000| PB 0x00000006a7800000| Complete |  0
| 671|0x00000006a7c00000, 0x00000006a8000000, 0x00000006a8000000|100%| E|CS|TAMS 0x00000006a7c00000| PB 0x00000006a7c00000| Complete |  0
| 672|0x00000006a8000000, 0x00000006a8400000, 0x00000006a8400000|100%| E|CS|TAMS 0x00000006a8000000| PB 0x00000006a8000000| Complete |  0
| 673|0x00000006a8400000, 0x00000006a8800000, 0x00000006a8800000|100%| E|CS|TAMS 0x00000006a8400000| PB 0x00000006a8400000| Complete |  0
| 674|0x00000006a8800000, 0x00000006a8c00000, 0x00000006a8c00000|100%| E|CS|TAMS 0x00000006a8800000| PB 0x00000006a8800000| Complete |  0
| 675|0x00000006a8c00000, 0x00000006a9000000, 0x00000006a9000000|100%| E|CS|TAMS 0x00000006a8c00000| PB 0x00000006a8c00000| Complete |  0
| 676|0x00000006a9000000, 0x00000006a9400000, 0x00000006a9400000|100%| E|CS|TAMS 0x00000006a9000000| PB 0x00000006a9000000| Complete |  0
|2045|0x00000007ff400000, 0x00000007ff800000, 0x00000007ff800000|100%| E|CS|TAMS 0x00000007ff400000| PB 0x00000007ff400000| Complete |  0
|2046|0x00000007ff800000, 0x00000007ffc00000, 0x00000007ffc00000|100%| E|CS|TAMS 0x00000007ff800000| PB 0x00000007ff800000| Complete |  0
|2047|0x00000007ffc00000, 0x0000000800000000, 0x0000000800000000|100%| E|CS|TAMS 0x00000007ffc00000| PB 0x00000007ffc00000| Complete |  0

Card table byte_map: [0x000002db7e280000,0x000002db7f280000] _byte_map_base: 0x000002db7b280000

Marking Bits: (CMBitMap*) 0x000002db7c9e1210
 Bits: [0x000002db287e0000, 0x000002db307e0000)

Polling page: 0x000002db7a770000

Metaspace:

Usage:
  Non-class:    181.74 MB used.
      Class:     21.38 MB used.
       Both:    203.12 MB used.

Virtual space:
  Non-class space:      192.00 MB reserved,     183.31 MB ( 95%) committed,  3 nodes.
      Class space:        1.00 GB reserved,      22.81 MB (  2%) committed,  1 nodes.
             Both:        1.19 GB reserved,     206.12 MB ( 17%) committed. 

Chunk freelists:
   Non-Class:  8.53 MB
       Class:  9.17 MB
        Both:  17.69 MB

MaxMetaspaceSize: 4.00 GB
CompressedClassSpaceSize: 1.00 GB
Initial GC threshold: 21.00 MB
Current GC threshold: 336.56 MB
CDS: on
 - commit_granule_bytes: 65536.
 - commit_granule_words: 8192.
 - virtual_space_node_default_size: 8388608.
 - enlarge_chunks_in_place: 1.
UseCompressedClassPointers 1, UseCompactObjectHeaders 0
Narrow klass pointer bits 32, Max shift 3
Narrow klass base: 0x000002db33000000, Narrow klass shift: 0
Encoding Range: [0x000002db33000000 - 0x000002dc33000000), (4294967296 bytes)
Klass Range:    [0x000002db33000000 - 0x000002db74000000), (1090519040 bytes)
Klass ID Range:  [8 - 1090519033) (1090519025)


Internal statistics:

num_allocs_failed_limit: 11.
num_arena_births: 5258.
num_arena_deaths: 0.
num_vsnodes_births: 4.
num_vsnodes_deaths: 0.
num_space_committed: 3296.
num_space_uncommitted: 0.
num_chunks_returned_to_freelist: 11.
num_chunks_taken_from_freelist: 13854.
num_chunk_merges: 6.
num_chunk_splits: 9843.
num_chunks_enlarged: 7203.
num_inconsistent_stats: 0.

CodeHeap 'non-profiled nmethods': size=259328Kb used=21664Kb max_used=21664Kb free=237663Kb
 bounds [0x000002db18aa0000, 0x000002db19fd0000, 0x000002db287e0000]
CodeHeap 'profiled nmethods': size=259264Kb used=69223Kb max_used=69223Kb free=190040Kb
 bounds [0x000002db087e0000, 0x000002db0cb80000, 0x000002db18510000]
CodeHeap 'non-nmethods': size=5696Kb used=2360Kb max_used=2504Kb free=3335Kb
 bounds [0x000002db18510000, 0x000002db187a0000, 0x000002db18aa0000]
CodeCache: size=524288Kb, used=93247Kb, max_used=93391Kb, free=431038Kb
 total_blobs=34741, nmethods=33532, adapters=1109, full_count=0
Compilation: enabled, stopped_count=0, restarted_count=0

Compilation events (20 events):
Event: 396.088 Thread 0x000002db32813bb0 nmethod 38812 0x000002db0cb57088 code [0x000002db0cb571e0, 0x000002db0cb575b8]
Event: 396.088 Thread 0x000002db32813bb0 38814       3       com.android.build.gradle.internal.lint.AndroidLintInputs::toLintModelModuleType (84 bytes)
Event: 396.093 Thread 0x000002db32813bb0 nmethod 38814 0x000002db0cb57608 code [0x000002db0cb57800, 0x000002db0cb580e0]
Event: 396.093 Thread 0x000002db32813bb0 38817       3       com.android.build.gradle.internal.lint.LintOptionsInput::initialize (383 bytes)
Event: 396.109 Thread 0x000002db32813bb0 nmethod 38817 0x000002db0cb58188 code [0x000002db0cb59460, 0x000002db0cb65d18]
Event: 396.109 Thread 0x000002db32813bb0 38819       3       com.android.build.api.variant.impl.ApplicationVariantImpl_Decorated::getBuiltInKotlinSupportMode (40 bytes)
Event: 396.111 Thread 0x000002db32813bb0 nmethod 38819 0x000002db0cb66008 code [0x000002db0cb66180, 0x000002db0cb668a8]
Event: 396.111 Thread 0x000002db32813bb0 38818       1       org.gradle.api.internal.AbstractTask::access$1200 (5 bytes)
Event: 396.115 Thread 0x000002db32813bb0 nmethod 38818 0x000002db19fc6208 code [0x000002db19fc6300, 0x000002db19fc63b0]
Event: 396.115 Thread 0x000002db32813bb0 38820       3       com.android.build.gradle.internal.dsl.ApplicationExtensionImpl$AgpDecorated_Decorated::get_compileSdk (39 bytes)
Event: 396.116 Thread 0x000002db32813bb0 nmethod 38820 0x000002db0cb66908 code [0x000002db0cb66a60, 0x000002db0cb66f30]
Event: 396.248 Thread 0x000002db32813bb0 38821       3       com.android.build.api.component.impl.features.OptimizationCreationConfigImpl::getResourcesShrink (148 bytes)
Event: 396.364 Thread 0x000002db32813bb0 nmethod 38821 0x000002db0cb66f88 code [0x000002db0cb671a0, 0x000002db0cb683e8]
Event: 396.379 Thread 0x000002db32813bb0 38824       1       com.android.build.gradle.internal.tasks.R8Task_Decorated::getModelIdentityDisplayName (5 bytes)
Event: 396.379 Thread 0x000002db32813bb0 nmethod 38824 0x000002db19fc6508 code [0x000002db19fc6600, 0x000002db19fc66d0]
Event: 396.545 Thread 0x000002db32813bb0 38825       1       com.android.build.gradle.internal.tasks.PackageBundleTask_Decorated::getModelIdentityDisplayName (5 bytes)
Event: 396.546 Thread 0x000002db32813bb0 nmethod 38825 0x000002db19fc6808 code [0x000002db19fc6900, 0x000002db19fc69d0]
Event: 396.704 Thread 0x000002db32813bb0 38826       3       com.android.build.api.component.impl.DeviceTestImpl_Decorated::getBuiltInKotlinSupportMode (40 bytes)
Event: 396.705 Thread 0x000002db32813bb0 nmethod 38826 0x000002db0cb68508 code [0x000002db0cb68680, 0x000002db0cb68da8]
Event: 396.723 Thread 0x000002db32813bb0 38827       3       com.android.build.gradle.internal.services.ProjectServices::initializeAapt2Input (182 bytes)

GC Heap History (20 events):
Event: 300.571 GC heap before
{Heap before GC invocations=92 (full 0):
 garbage-first heap   total reserved 8388608K, committed 2785280K, used 671744K [0x0000000600000000, 0x0000000800000000)
  region size 4096K, 43 young (176128K), 5 survivors (20480K)
 Metaspace       used 205927K, committed 208896K, reserved 1245184K
  class space    used 21800K, committed 23168K, reserved 1048576K
}
Event: 301.199 GC heap after
{Heap after GC invocations=93 (full 0):
 garbage-first heap   total reserved 8388608K, committed 2785280K, used 552960K [0x0000000600000000, 0x0000000800000000)
  region size 4096K, 6 young (24576K), 6 survivors (24576K)
 Metaspace       used 205927K, committed 208896K, reserved 1245184K
  class space    used 21800K, committed 23168K, reserved 1048576K
}
Event: 315.726 GC heap before
{Heap before GC invocations=93 (full 0):
 garbage-first heap   total reserved 8388608K, committed 2785280K, used 667648K [0x0000000600000000, 0x0000000800000000)
  region size 4096K, 34 young (139264K), 6 survivors (24576K)
 Metaspace       used 206143K, committed 209152K, reserved 1245184K
  class space    used 21831K, committed 23232K, reserved 1048576K
}
Event: 315.871 GC heap after
{Heap after GC invocations=94 (full 0):
 garbage-first heap   total reserved 8388608K, committed 2785280K, used 567679K [0x0000000600000000, 0x0000000800000000)
  region size 4096K, 3 young (12288K), 3 survivors (12288K)
 Metaspace       used 206143K, committed 209152K, reserved 1245184K
  class space    used 21831K, committed 23232K, reserved 1048576K
}
Event: 340.949 GC heap before
{Heap before GC invocations=94 (full 0):
 garbage-first heap   total reserved 8388608K, committed 2785280K, used 694655K [0x0000000600000000, 0x0000000800000000)
  region size 4096K, 34 young (139264K), 3 survivors (12288K)
 Metaspace       used 206306K, committed 209280K, reserved 1245184K
  class space    used 21833K, committed 23232K, reserved 1048576K
}
Event: 341.022 GC heap after
{Heap after GC invocations=95 (full 0):
 garbage-first heap   total reserved 8388608K, committed 2785280K, used 579676K [0x0000000600000000, 0x0000000800000000)
  region size 4096K, 5 young (20480K), 5 survivors (20480K)
 Metaspace       used 206306K, committed 209280K, reserved 1245184K
  class space    used 21833K, committed 23232K, reserved 1048576K
}
Event: 343.470 GC heap before
{Heap before GC invocations=95 (full 0):
 garbage-first heap   total reserved 8388608K, committed 2785280K, used 698460K [0x0000000600000000, 0x0000000800000000)
  region size 4096K, 34 young (139264K), 5 survivors (20480K)
 Metaspace       used 206435K, committed 209408K, reserved 1245184K
  class space    used 21833K, committed 23232K, reserved 1048576K
}
Event: 343.557 GC heap after
{Heap after GC invocations=96 (full 0):
 garbage-first heap   total reserved 8388608K, committed 2785280K, used 592251K [0x0000000600000000, 0x0000000800000000)
  region size 4096K, 4 young (16384K), 4 survivors (16384K)
 Metaspace       used 206435K, committed 209408K, reserved 1245184K
  class space    used 21833K, committed 23232K, reserved 1048576K
}
Event: 347.157 GC heap before
{Heap before GC invocations=96 (full 0):
 garbage-first heap   total reserved 8388608K, committed 2785280K, used 715131K [0x0000000600000000, 0x0000000800000000)
  region size 4096K, 34 young (139264K), 4 survivors (16384K)
 Metaspace       used 206767K, committed 209792K, reserved 1245184K
  class space    used 21859K, committed 23296K, reserved 1048576K
}
Event: 347.208 GC heap after
{Heap after GC invocations=97 (full 0):
 garbage-first heap   total reserved 8388608K, committed 2785280K, used 602709K [0x0000000600000000, 0x0000000800000000)
  region size 4096K, 3 young (12288K), 3 survivors (12288K)
 Metaspace       used 206767K, committed 209792K, reserved 1245184K
  class space    used 21859K, committed 23296K, reserved 1048576K
}
Event: 355.572 GC heap before
{Heap before GC invocations=97 (full 0):
 garbage-first heap   total reserved 8388608K, committed 2785280K, used 787029K [0x0000000600000000, 0x0000000800000000)
  region size 4096K, 48 young (196608K), 3 survivors (12288K)
 Metaspace       used 207122K, committed 210176K, reserved 1245184K
  class space    used 21868K, committed 23296K, reserved 1048576K
}
Event: 355.676 GC heap after
{Heap after GC invocations=98 (full 0):
 garbage-first heap   total reserved 8388608K, committed 2785280K, used 632984K [0x0000000600000000, 0x0000000800000000)
  region size 4096K, 6 young (24576K), 6 survivors (24576K)
 Metaspace       used 207122K, committed 210176K, reserved 1245184K
  class space    used 21868K, committed 23296K, reserved 1048576K
}
Event: 359.064 GC heap before
{Heap before GC invocations=98 (full 0):
 garbage-first heap   total reserved 8388608K, committed 2785280K, used 759960K [0x0000000600000000, 0x0000000800000000)
  region size 4096K, 37 young (151552K), 6 survivors (24576K)
 Metaspace       used 207242K, committed 210304K, reserved 1245184K
  class space    used 21869K, committed 23296K, reserved 1048576K
}
Event: 359.151 GC heap after
{Heap after GC invocations=99 (full 0):
 garbage-first heap   total reserved 8388608K, committed 2785280K, used 647880K [0x0000000600000000, 0x0000000800000000)
  region size 4096K, 4 young (16384K), 4 survivors (16384K)
 Metaspace       used 207242K, committed 210304K, reserved 1245184K
  class space    used 21869K, committed 23296K, reserved 1048576K
}
Event: 363.533 GC heap before
{Heap before GC invocations=99 (full 0):
 garbage-first heap   total reserved 8388608K, committed 2785280K, used 934600K [0x0000000600000000, 0x0000000800000000)
  region size 4096K, 74 young (303104K), 4 survivors (16384K)
 Metaspace       used 207605K, committed 210688K, reserved 1245184K
  class space    used 21880K, committed 23360K, reserved 1048576K
}
Event: 363.615 GC heap after
{Heap after GC invocations=100 (full 0):
 garbage-first heap   total reserved 8388608K, committed 2785280K, used 673253K [0x0000000600000000, 0x0000000800000000)
  region size 4096K, 10 young (40960K), 10 survivors (40960K)
 Metaspace       used 207605K, committed 210688K, reserved 1245184K
  class space    used 21880K, committed 23360K, reserved 1048576K
}
Event: 372.028 GC heap before
{Heap before GC invocations=100 (full 0):
 garbage-first heap   total reserved 8388608K, committed 2785280K, used 841189K [0x0000000600000000, 0x0000000800000000)
  region size 4096K, 51 young (208896K), 10 survivors (40960K)
 Metaspace       used 207713K, committed 210816K, reserved 1245184K
  class space    used 21881K, committed 23360K, reserved 1048576K
}
Event: 372.155 GC heap after
{Heap after GC invocations=101 (full 0):
 garbage-first heap   total reserved 8388608K, committed 2785280K, used 684064K [0x0000000600000000, 0x0000000800000000)
  region size 4096K, 4 young (16384K), 4 survivors (16384K)
 Metaspace       used 207713K, committed 210816K, reserved 1245184K
  class space    used 21881K, committed 23360K, reserved 1048576K
}
Event: 392.772 GC heap before
{Heap before GC invocations=101 (full 0):
 garbage-first heap   total reserved 8388608K, committed 2785280K, used 995360K [0x0000000600000000, 0x0000000800000000)
  region size 4096K, 80 young (327680K), 4 survivors (16384K)
 Metaspace       used 207907K, committed 211008K, reserved 1245184K
  class space    used 21887K, committed 23360K, reserved 1048576K
}
Event: 392.863 GC heap after
{Heap after GC invocations=102 (full 0):
 garbage-first heap   total reserved 8388608K, committed 2785280K, used 711053K [0x0000000600000000, 0x0000000800000000)
  region size 4096K, 10 young (40960K), 10 survivors (40960K)
 Metaspace       used 207907K, committed 211008K, reserved 1245184K
  class space    used 21887K, committed 23360K, reserved 1048576K
}

Dll operation events (16 events):
Event: 0.041 Loaded shared library C:\Program Files\Java\jdk-24\bin\java.dll
Event: 0.101 Loaded shared library C:\Program Files\Java\jdk-24\bin\jsvml.dll
Event: 0.166 Loaded shared library C:\Program Files\Java\jdk-24\bin\zip.dll
Event: 0.172 Loaded shared library C:\Program Files\Java\jdk-24\bin\instrument.dll
Event: 0.179 Loaded shared library C:\Program Files\Java\jdk-24\bin\net.dll
Event: 0.184 Loaded shared library C:\Program Files\Java\jdk-24\bin\nio.dll
Event: 0.186 Loaded shared library C:\Program Files\Java\jdk-24\bin\zip.dll
Event: 0.490 Loaded shared library C:\Program Files\Java\jdk-24\bin\jimage.dll
Event: 0.726 Loaded shared library C:\Program Files\Java\jdk-24\bin\verify.dll
Event: 0.757 Loaded shared library C:\Users\feriska\.gradle\native\1def1411415f61bf3af743bc5b6707747c0891f09f0c88961ee8f79bc544acac\windows-amd64\native-platform.dll
Event: 0.770 Loaded shared library C:\Users\feriska\.gradle\native\0.2.8\x86_64-windows-gnu\gradle-fileevents.dll
Event: 1.815 Loaded shared library C:\Program Files\Java\jdk-24\bin\management.dll
Event: 1.820 Loaded shared library C:\Program Files\Java\jdk-24\bin\management_ext.dll
Event: 2.017 Loaded shared library C:\Program Files\Java\jdk-24\bin\extnet.dll
Event: 2.536 Loaded shared library C:\Program Files\Java\jdk-24\bin\sunmscapi.dll
Event: 20.840 Loaded shared library C:\Program Files\Java\jdk-24\bin\rmi.dll

Deoptimization events (20 events):
Event: 383.066 Thread 0x000002dba16d83d0 Uncommon trap: trap_request=0xffffffbe fr.pc=0x000002db19f6533c relative=0x0000000000000cdc
Event: 383.066 Thread 0x000002dba16d83d0 Uncommon trap: reason=profile_predicate action=maybe_recompile pc=0x000002db19f6533c method=org.gradle.util.internal.DefaultGradleVersion.compareTo(Lorg/gradle/util/GradleVersion;)I @ 73 c2
Event: 383.066 Thread 0x000002dba16d83d0 DEOPT PACKING pc=0x000002db19f6533c sp=0x000000dc265f6e10
Event: 383.067 Thread 0x000002dba16d83d0 DEOPT UNPACKING pc=0x000002db18626e82 sp=0x000000dc265f6dc8 mode 2
Event: 383.083 Thread 0x000002dba16d83d0 Uncommon trap: trap_request=0xffffffbe fr.pc=0x000002db19f6533c relative=0x0000000000000cdc
Event: 383.083 Thread 0x000002dba16d83d0 Uncommon trap: reason=profile_predicate action=maybe_recompile pc=0x000002db19f6533c method=org.gradle.util.internal.DefaultGradleVersion.compareTo(Lorg/gradle/util/GradleVersion;)I @ 73 c2
Event: 383.083 Thread 0x000002dba16d83d0 DEOPT PACKING pc=0x000002db19f6533c sp=0x000000dc265f6e10
Event: 383.083 Thread 0x000002dba16d83d0 DEOPT UNPACKING pc=0x000002db18626e82 sp=0x000000dc265f6dc8 mode 2
Event: 383.084 Thread 0x000002dba16d83d0 Uncommon trap: trap_request=0xffffffbe fr.pc=0x000002db19f6533c relative=0x0000000000000cdc
Event: 383.084 Thread 0x000002dba16d83d0 Uncommon trap: reason=profile_predicate action=maybe_recompile pc=0x000002db19f6533c method=org.gradle.util.internal.DefaultGradleVersion.compareTo(Lorg/gradle/util/GradleVersion;)I @ 73 c2
Event: 383.084 Thread 0x000002dba16d83d0 DEOPT PACKING pc=0x000002db19f6533c sp=0x000000dc265f6e10
Event: 383.084 Thread 0x000002dba16d83d0 DEOPT UNPACKING pc=0x000002db18626e82 sp=0x000000dc265f6dc8 mode 2
Event: 383.093 Thread 0x000002dba16d83d0 Uncommon trap: trap_request=0xffffffbe fr.pc=0x000002db19f6533c relative=0x0000000000000cdc
Event: 383.093 Thread 0x000002dba16d83d0 Uncommon trap: reason=profile_predicate action=maybe_recompile pc=0x000002db19f6533c method=org.gradle.util.internal.DefaultGradleVersion.compareTo(Lorg/gradle/util/GradleVersion;)I @ 73 c2
Event: 383.093 Thread 0x000002dba16d83d0 DEOPT PACKING pc=0x000002db19f6533c sp=0x000000dc265f6e10
Event: 383.093 Thread 0x000002dba16d83d0 DEOPT UNPACKING pc=0x000002db18626e82 sp=0x000000dc265f6dc8 mode 2
Event: 389.826 Thread 0x000002dba8e4d350 Uncommon trap: trap_request=0xffffff4d fr.pc=0x000002db18f71f84 relative=0x00000000000006c4
Event: 389.826 Thread 0x000002dba8e4d350 Uncommon trap: reason=unstable_if action=reinterpret pc=0x000002db18f71f84 method=java.util.concurrent.ConcurrentLinkedQueue.poll()Ljava/lang/Object; @ 24 c2
Event: 389.826 Thread 0x000002dba8e4d350 DEOPT PACKING pc=0x000002db18f71f84 sp=0x000000dc2a0fe0f0
Event: 389.827 Thread 0x000002dba8e4d350 DEOPT UNPACKING pc=0x000002db18626e82 sp=0x000000dc2a0fe008 mode 2

Classes loaded (20 events):
Event: 97.283 Loading class java/net/UrlDeserializedState
Event: 97.284 Loading class java/net/UrlDeserializedState done
Event: 97.339 Loading class sun/reflect/misc/MethodUtil
Event: 97.340 Loading class sun/reflect/misc/MethodUtil done
Event: 97.341 Loading class sun/reflect/misc/MethodUtil$1
Event: 97.341 Loading class sun/reflect/misc/MethodUtil$1 done
Event: 97.628 Loading class java/nio/file/StandardCopyOption
Event: 97.629 Loading class java/nio/file/StandardCopyOption done
Event: 97.629 Loading class sun/nio/fs/WindowsFileCopy
Event: 97.629 Loading class sun/nio/fs/WindowsFileCopy done
Event: 97.773 Loading class java/time/Instant$1
Event: 97.773 Loading class java/time/Instant$1 done
Event: 97.844 Loading class java/util/concurrent/CompletableFuture$AsyncRun
Event: 97.845 Loading class java/util/concurrent/CompletableFuture$AsyncRun done
Event: 106.451 Loading class jdk/internal/math/FormattedFPDecimal
Event: 106.470 Loading class jdk/internal/math/FormattedFPDecimal done
Event: 360.673 Loading class java/util/concurrent/ConcurrentHashMap$TreeNode
Event: 360.685 Loading class java/util/concurrent/ConcurrentHashMap$TreeNode done
Event: 360.686 Loading class java/util/concurrent/ConcurrentHashMap$TreeBin
Event: 360.695 Loading class java/util/concurrent/ConcurrentHashMap$TreeBin done

Classes unloaded (0 events):
No events

Classes redefined (0 events):
No events

Internal exceptions (20 events):
Event: 364.228 Thread 0x000002dba16d83d0 Exception <a 'sun/nio/fs/WindowsException'{0x00000006a87e9920}> (0x00000006a87e9920) 
thrown [s\open\src\hotspot\share\prims\jni.cpp, line 518]
Event: 364.388 Thread 0x000002db8003b580 Exception <a 'sun/nio/fs/WindowsException'{0x00000006a6c2e388}> (0x00000006a6c2e388) 
thrown [s\open\src\hotspot\share\prims\jni.cpp, line 518]
Event: 369.453 Thread 0x000002dba16d83d0 Exception <a 'sun/nio/fs/WindowsException'{0x00000006a632fda8}> (0x00000006a632fda8) 
thrown [s\open\src\hotspot\share\prims\jni.cpp, line 518]
Event: 369.459 Thread 0x000002dba16d83d0 Exception <a 'sun/nio/fs/WindowsException'{0x00000006a6331448}> (0x00000006a6331448) 
thrown [s\open\src\hotspot\share\prims\jni.cpp, line 518]
Event: 369.462 Thread 0x000002dba16d83d0 Exception <a 'sun/nio/fs/WindowsException'{0x00000006a6332ad8}> (0x00000006a6332ad8) 
thrown [s\open\src\hotspot\share\prims\jni.cpp, line 518]
Event: 369.462 Thread 0x000002dba16d83d0 Exception <a 'sun/nio/fs/WindowsException'{0x00000006a6333e38}> (0x00000006a6333e38) 
thrown [s\open\src\hotspot\share\prims\jni.cpp, line 518]
Event: 369.623 Thread 0x000002dba16d83d0 Exception <a 'sun/nio/fs/WindowsException'{0x00000006a5c9f078}> (0x00000006a5c9f078) 
thrown [s\open\src\hotspot\share\prims\jni.cpp, line 518]
Event: 369.625 Thread 0x000002dba16d83d0 Exception <a 'sun/nio/fs/WindowsException'{0x00000006a5ca0f28}> (0x00000006a5ca0f28) 
thrown [s\open\src\hotspot\share\prims\jni.cpp, line 518]
Event: 369.628 Thread 0x000002dba16d83d0 Exception <a 'sun/nio/fs/WindowsException'{0x00000006a5ca2dc8}> (0x00000006a5ca2dc8) 
thrown [s\open\src\hotspot\share\prims\jni.cpp, line 518]
Event: 369.628 Thread 0x000002dba16d83d0 Exception <a 'sun/nio/fs/WindowsException'{0x00000006a5ca4938}> (0x00000006a5ca4938) 
thrown [s\open\src\hotspot\share\prims\jni.cpp, line 518]
Event: 370.719 Thread 0x000002dba16d83d0 Exception <a 'java/io/IOException'{0x00000006a3605d98}> (0x00000006a3605d98) 
thrown [s\open\src\hotspot\share\prims\jni.cpp, line 518]
Event: 371.248 Thread 0x000002dba8e53260 Exception <a 'sun/nio/fs/WindowsException'{0x00000006a28fe698}> (0x00000006a28fe698) 
thrown [s\open\src\hotspot\share\prims\jni.cpp, line 518]
Event: 371.249 Thread 0x000002dba8e53260 Exception <a 'sun/nio/fs/WindowsException'{0x00000006a29003d8}> (0x00000006a29003d8) 
thrown [s\open\src\hotspot\share\prims\jni.cpp, line 518]
Event: 371.249 Thread 0x000002dba8e53260 Exception <a 'sun/nio/fs/WindowsException'{0x00000006a2902058}> (0x00000006a2902058) 
thrown [s\open\src\hotspot\share\prims\jni.cpp, line 518]
Event: 371.249 Thread 0x000002dba8e53260 Exception <a 'sun/nio/fs/WindowsException'{0x00000006a2903a10}> (0x00000006a2903a10) 
thrown [s\open\src\hotspot\share\prims\jni.cpp, line 518]
Event: 371.263 Thread 0x000002dba8e53260 Exception <a 'sun/nio/fs/WindowsException'{0x00000006a2934c90}> (0x00000006a2934c90) 
thrown [s\open\src\hotspot\share\prims\jni.cpp, line 518]
Event: 371.263 Thread 0x000002dba8e53260 Exception <a 'sun/nio/fs/WindowsException'{0x00000006a29369c8}> (0x00000006a29369c8) 
thrown [s\open\src\hotspot\share\prims\jni.cpp, line 518]
Event: 371.263 Thread 0x000002dba8e53260 Exception <a 'sun/nio/fs/WindowsException'{0x00000006a2938388}> (0x00000006a2938388) 
thrown [s\open\src\hotspot\share\prims\jni.cpp, line 518]
Event: 373.282 Thread 0x000002dba16d83d0 Implicit null exception at 0x000002db19e9f12a to 0x000002db19e9f338
Event: 393.448 Thread 0x000002dba16d83d0 Exception <a 'sun/nio/fs/WindowsException'{0x00000006a81fcb18}> (0x00000006a81fcb18) 
thrown [s\open\src\hotspot\share\prims\jni.cpp, line 518]

VM Operations (20 events):
Event: 340.948 Executing VM operation: G1CollectForAllocation (G1 Evacuation Pause)
Event: 341.022 Executing VM operation: G1CollectForAllocation (G1 Evacuation Pause) done
Event: 343.470 Executing VM operation: G1CollectForAllocation (G1 Evacuation Pause)
Event: 343.557 Executing VM operation: G1CollectForAllocation (G1 Evacuation Pause) done
Event: 347.156 Executing VM operation: G1CollectForAllocation (G1 Evacuation Pause)
Event: 347.208 Executing VM operation: G1CollectForAllocation (G1 Evacuation Pause) done
Event: 355.572 Executing VM operation: G1CollectForAllocation (G1 Evacuation Pause)
Event: 355.676 Executing VM operation: G1CollectForAllocation (G1 Evacuation Pause) done
Event: 359.064 Executing VM operation: G1CollectForAllocation (G1 Evacuation Pause)
Event: 359.151 Executing VM operation: G1CollectForAllocation (G1 Evacuation Pause) done
Event: 361.257 Executing VM operation: HandshakeAllThreads (HandshakeForDeflation)
Event: 361.257 Executing VM operation: HandshakeAllThreads (HandshakeForDeflation) done
Event: 361.257 Executing VM operation: RendezvousGCThreads
Event: 361.257 Executing VM operation: RendezvousGCThreads done
Event: 363.533 Executing VM operation: G1CollectForAllocation (G1 Evacuation Pause)
Event: 363.615 Executing VM operation: G1CollectForAllocation (G1 Evacuation Pause) done
Event: 372.025 Executing VM operation: G1CollectForAllocation (G1 Evacuation Pause)
Event: 372.155 Executing VM operation: G1CollectForAllocation (G1 Evacuation Pause) done
Event: 392.754 Executing VM operation: G1CollectForAllocation (G1 Evacuation Pause)
Event: 392.863 Executing VM operation: G1CollectForAllocation (G1 Evacuation Pause) done

Memory protections (0 events):
No events

Nmethod flushes (20 events):
Event: 144.047 Thread 0x000002db7f4f6480 flushing  nmethod 0x000002db094fdc08
Event: 144.047 Thread 0x000002db7f4f6480 flushing  nmethod 0x000002db09571b88
Event: 144.047 Thread 0x000002db7f4f6480 flushing  nmethod 0x000002db09572f08
Event: 144.047 Thread 0x000002db7f4f6480 flushing  nmethod 0x000002db0959e008
Event: 144.047 Thread 0x000002db7f4f6480 flushing  nmethod 0x000002db095f5b08
Event: 144.047 Thread 0x000002db7f4f6480 flushing  nmethod 0x000002db095f9088
Event: 144.047 Thread 0x000002db7f4f6480 flushing  nmethod 0x000002db0965cb08
Event: 144.047 Thread 0x000002db7f4f6480 flushing  nmethod 0x000002db098ce388
Event: 144.047 Thread 0x000002db7f4f6480 flushing  nmethod 0x000002db09954808
Event: 144.048 Thread 0x000002db7f4f6480 flushing  nmethod 0x000002db09a29c08
Event: 144.048 Thread 0x000002db7f4f6480 flushing  nmethod 0x000002db09a2ee08
Event: 144.049 Thread 0x000002db7f4f6480 flushing  nmethod 0x000002db09e62708
Event: 144.049 Thread 0x000002db7f4f6480 flushing  nmethod 0x000002db09e6a788
Event: 144.049 Thread 0x000002db7f4f6480 flushing  nmethod 0x000002db09f43288
Event: 144.049 Thread 0x000002db7f4f6480 flushing  nmethod 0x000002db09f44508
Event: 144.050 Thread 0x000002db7f4f6480 flushing  nmethod 0x000002db09fca388
Event: 144.050 Thread 0x000002db7f4f6480 flushing  nmethod 0x000002db0a046608
Event: 144.050 Thread 0x000002db7f4f6480 flushing  nmethod 0x000002db0a04a508
Event: 144.050 Thread 0x000002db7f4f6480 flushing  nmethod 0x000002db0a053b88
Event: 144.050 Thread 0x000002db7f4f6480 flushing  nmethod 0x000002db0a054a08

Events (20 events):
Event: 375.066 Thread 0x000002dba16d83d0 Thread added: 0x000002dba13ecf10
Event: 375.066 Thread 0x000002dba16d83d0 Thread added: 0x000002dba13f0990
Event: 375.066 Thread 0x000002dba16d83d0 Thread added: 0x000002dba13f2e20
Event: 375.066 Thread 0x000002dba16d83d0 Thread added: 0x000002db82a50650
Event: 375.067 Thread 0x000002dba16d83d0 Thread added: 0x000002db82a52390
Event: 375.067 Thread 0x000002dba16d83d0 Thread added: 0x000002db82a53230
Event: 375.067 Thread 0x000002dba16d83d0 Thread added: 0x000002db82a51c40
Event: 375.068 Thread 0x000002dba16d83d0 Thread added: 0x000002db82a4ff00
Event: 375.669 Thread 0x000002dba16d83d0 Thread added: 0x000002db82a53980
Event: 375.669 Thread 0x000002dba16d83d0 Thread added: 0x000002db8003ae30
Event: 375.669 Thread 0x000002dba16d83d0 Thread added: 0x000002db8003c420
Event: 375.669 Thread 0x000002dba16d83d0 Thread added: 0x000002db8003bcd0
Event: 375.669 Thread 0x000002dba16d83d0 Thread added: 0x000002db80039f90
Event: 375.670 Thread 0x000002dba16d83d0 Thread added: 0x000002db8003a6e0
Event: 375.675 Thread 0x000002dba16d83d0 Thread added: 0x000002db801176a0
Event: 375.675 Thread 0x000002dba16d83d0 Thread added: 0x000002db8011b870
Event: 378.152 Thread 0x000002db32813bb0 Thread added: 0x000002dba7146600
Event: 379.449 Thread 0x000002dba7146600 Thread exited: 0x000002dba7146600
Event: 393.458 Thread 0x000002dba16d83d0 Thread added: 0x000002db8011d5b0
Event: 395.052 Thread 0x000002dba16d6de0 Thread added: 0x000002db80ccdb80


Dynamic libraries:
0x00007ff7af770000 - 0x00007ff7af780000 	C:\Program Files\Java\jdk-24\bin\java.exe
0x00007fffc4b40000 - 0x00007fffc4da6000 	C:\WINDOWS\SYSTEM32\ntdll.dll
0x00007fffc3a80000 - 0x00007fffc3b49000 	C:\WINDOWS\System32\KERNEL32.DLL
0x00007fffc2120000 - 0x00007fffc251e000 	C:\WINDOWS\System32\KERNELBASE.dll
0x00007fffc2710000 - 0x00007fffc285c000 	C:\WINDOWS\System32\ucrtbase.dll
0x00007fffb6ce0000 - 0x00007fffb6cf6000 	C:\Program Files\Java\jdk-24\bin\jli.dll
0x00007fffc3d70000 - 0x00007fffc3f37000 	C:\WINDOWS\System32\USER32.dll
0x00007fffa13c0000 - 0x00007fffa13db000 	C:\Program Files\Java\jdk-24\bin\VCRUNTIME140.dll
0x00007fffc20f0000 - 0x00007fffc2117000 	C:\WINDOWS\System32\win32u.dll
0x00007fffade60000 - 0x00007fffae0f2000 	C:\WINDOWS\WinSxS\amd64_microsoft.windows.common-controls_6595b64144ccf1df_6.0.26100.8875_none_3e0d5d42e32fe9dd\COMCTL32.dll
0x00007fffc3c70000 - 0x00007fffc3c9b000 	C:\WINDOWS\System32\GDI32.dll
0x00007fffc25e0000 - 0x00007fffc270a000 	C:\WINDOWS\System32\gdi32full.dll
0x00007fffc3640000 - 0x00007fffc36e9000 	C:\WINDOWS\System32\msvcrt.dll
0x00007fffc2530000 - 0x00007fffc25d3000 	C:\WINDOWS\System32\msvcp_win.dll
0x00007fffc4ac0000 - 0x00007fffc4af2000 	C:\WINDOWS\System32\IMM32.DLL
0x00007fff7d190000 - 0x00007fff7d19c000 	C:\Program Files\Java\jdk-24\bin\vcruntime140_1.dll
0x00007fff4e1c0000 - 0x00007fff4e24e000 	C:\Program Files\Java\jdk-24\bin\msvcp140.dll
0x00007fff429c0000 - 0x00007fff43761000 	C:\Program Files\Java\jdk-24\bin\server\jvm.dll
0x00007fffc4560000 - 0x00007fffc4617000 	C:\WINDOWS\System32\ADVAPI32.dll
0x00007fffc3ca0000 - 0x00007fffc3d4a000 	C:\WINDOWS\System32\sechost.dll
0x00007fffc4140000 - 0x00007fffc4258000 	C:\WINDOWS\System32\RPCRT4.dll
0x00007fffc3be0000 - 0x00007fffc3c60000 	C:\WINDOWS\System32\WS2_32.dll
0x00007fffb98b0000 - 0x00007fffb98e6000 	C:\WINDOWS\SYSTEM32\WINMM.dll
0x00007fffc08c0000 - 0x00007fffc091e000 	C:\WINDOWS\SYSTEM32\POWRPROF.dll
0x00007fffb4980000 - 0x00007fffb498b000 	C:\WINDOWS\SYSTEM32\VERSION.dll
0x00007fffc08a0000 - 0x00007fffc08b4000 	C:\WINDOWS\SYSTEM32\UMPDC.dll
0x00007fffc0b60000 - 0x00007fffc0b7b000 	C:\WINDOWS\SYSTEM32\kernel.appcore.dll
0x00007fff7c570000 - 0x00007fff7c57a000 	C:\Program Files\Java\jdk-24\bin\jimage.dll
0x00007fffbf240000 - 0x00007fffbf482000 	C:\WINDOWS\SYSTEM32\DBGHELP.DLL
0x00007fffc36f0000 - 0x00007fffc3a73000 	C:\WINDOWS\System32\combase.dll
0x00007fffc31a0000 - 0x00007fffc3279000 	C:\WINDOWS\System32\OLEAUT32.dll
0x00007fffa9400000 - 0x00007fffa943b000 	C:\WINDOWS\SYSTEM32\dbgcore.DLL
0x00007fffc1f70000 - 0x00007fffc201c000 	C:\WINDOWS\System32\bcryptPrimitives.dll
0x00007fff7c530000 - 0x00007fff7c53f000 	C:\Program Files\Java\jdk-24\bin\instrument.dll
0x00007fff6ad00000 - 0x00007fff6ad1e000 	C:\Program Files\Java\jdk-24\bin\java.dll
0x00007fffc43c0000 - 0x00007fffc4559000 	C:\WINDOWS\System32\ole32.dll
0x00007fffc29b0000 - 0x00007fffc3142000 	C:\WINDOWS\System32\SHELL32.dll
0x00007fffbf840000 - 0x00007fffc00d2000 	C:\WINDOWS\SYSTEM32\windows.storage.dll
0x00007fffc4040000 - 0x00007fffc4137000 	C:\WINDOWS\System32\SHCORE.dll
0x00007fffc2940000 - 0x00007fffc29a7000 	C:\WINDOWS\System32\shlwapi.dll
0x00007fffc1c80000 - 0x00007fffc1ca9000 	C:\WINDOWS\SYSTEM32\profapi.dll
0x00007fff4e0e0000 - 0x00007fff4e1b7000 	C:\Program Files\Java\jdk-24\bin\jsvml.dll
0x00007fff6ace0000 - 0x00007fff6acf7000 	C:\Program Files\Java\jdk-24\bin\zip.dll
0x00007fff6df60000 - 0x00007fff6df70000 	C:\Program Files\Java\jdk-24\bin\net.dll
0x00007fffc1110000 - 0x00007fffc117c000 	C:\WINDOWS\system32\mswsock.dll
0x00007fff6acc0000 - 0x00007fff6acd6000 	C:\Program Files\Java\jdk-24\bin\nio.dll
0x00007fff6acb0000 - 0x00007fff6acc0000 	C:\Program Files\Java\jdk-24\bin\verify.dll
0x00007fff7c580000 - 0x00007fff7c5a7000 	C:\Users\feriska\.gradle\native\1def1411415f61bf3af743bc5b6707747c0891f09f0c88961ee8f79bc544acac\windows-amd64\native-platform.dll
0x00007fff4e060000 - 0x00007fff4e0d7000 	C:\Users\feriska\.gradle\native\0.2.8\x86_64-windows-gnu\gradle-fileevents.dll
0x00007fff6aca0000 - 0x00007fff6acaa000 	C:\Program Files\Java\jdk-24\bin\management.dll
0x00007fff66d20000 - 0x00007fff66d2b000 	C:\Program Files\Java\jdk-24\bin\management_ext.dll
0x00007fffc2900000 - 0x00007fffc2908000 	C:\WINDOWS\System32\PSAPI.DLL
0x00007fffc04a0000 - 0x00007fffc04d3000 	C:\WINDOWS\SYSTEM32\IPHLPAPI.DLL
0x00007fffc4ab0000 - 0x00007fffc4aba000 	C:\WINDOWS\System32\NSI.dll
0x00007fff66d10000 - 0x00007fff66d19000 	C:\Program Files\Java\jdk-24\bin\extnet.dll
0x00007fffc1410000 - 0x00007fffc142b000 	C:\WINDOWS\SYSTEM32\CRYPTSP.dll
0x00007fffc0ac0000 - 0x00007fffc0af9000 	C:\WINDOWS\system32\rsaenh.dll
0x00007fffc11d0000 - 0x00007fffc1202000 	C:\WINDOWS\SYSTEM32\USERENV.dll
0x00007fffc1c50000 - 0x00007fffc1c7a000 	C:\WINDOWS\SYSTEM32\bcrypt.dll
0x00007fffc1430000 - 0x00007fffc143c000 	C:\WINDOWS\SYSTEM32\CRYPTBASE.dll
0x00007fff66d00000 - 0x00007fff66d0e000 	C:\Program Files\Java\jdk-24\bin\sunmscapi.dll
0x00007fffc1df0000 - 0x00007fffc1f68000 	C:\WINDOWS\System32\CRYPT32.dll
0x00007fffc1650000 - 0x00007fffc1680000 	C:\WINDOWS\SYSTEM32\ncrypt.dll
0x00007fffc1600000 - 0x00007fffc163f000 	C:\WINDOWS\SYSTEM32\NTASN1.dll
0x00007fff8ca50000 - 0x00007fff8ca58000 	C:\WINDOWS\system32\wshunix.dll
0x00007fff62250000 - 0x00007fff62257000 	C:\Program Files\Java\jdk-24\bin\rmi.dll

JVMTI agents:
C:\Users\feriska\.gradle\wrapper\dists\gradle-9.1.0-all\7wzd0jkjit61aq2p43wpjgij9\gradle-9.1.0\lib\agents\gradle-instrumentation-agent-9.1.0.jar path:C:\Program Files\Java\jdk-24\bin\instrument.dll, loaded, initialized, instrumentlib options:none

dbghelp: loaded successfully - version: 4.0.5 - missing functions: none
symbol engine: initialized successfully - sym options: 0x614 - pdb path: .;C:\Program Files\Java\jdk-24\bin;C:\WINDOWS\SYSTEM32;C:\WINDOWS\WinSxS\amd64_microsoft.windows.common-controls_6595b64144ccf1df_6.0.26100.8875_none_3e0d5d42e32fe9dd;C:\Program Files\Java\jdk-24\bin\server;C:\Users\feriska\.gradle\native\1def1411415f61bf3af743bc5b6707747c0891f09f0c88961ee8f79bc544acac\windows-amd64;C:\Users\feriska\.gradle\native\0.2.8\x86_64-windows-gnu

VM Arguments:
jvm_args: --add-opens=java.base/java.lang=ALL-UNNAMED --add-opens=java.base/java.lang.invoke=ALL-UNNAMED --add-opens=java.base/java.util=ALL-UNNAMED --add-opens=java.prefs/java.util.prefs=ALL-UNNAMED --add-exports=jdk.compiler/com.sun.tools.javac.api=ALL-UNNAMED --add-exports=jdk.compiler/com.sun.tools.javac.util=ALL-UNNAMED --add-opens=java.base/java.util=ALL-UNNAMED --add-opens=java.prefs/java.util.prefs=ALL-UNNAMED --add-opens=java.base/java.nio.charset=ALL-UNNAMED --add-opens=java.base/java.net=ALL-UNNAMED --add-opens=java.base/java.util.concurrent=ALL-UNNAMED --add-opens=java.base/java.util.concurrent.atomic=ALL-UNNAMED --add-opens=java.xml/javax.xml.namespace=ALL-UNNAMED --add-opens=java.base/java.time=ALL-UNNAMED --enable-native-access=ALL-UNNAMED -XX:MaxMetaspaceSize=4G -XX:ReservedCodeCacheSize=512m -XX:+HeapDumpOnOutOfMemoryError -Xmx8G -Dfile.encoding=UTF-8 -Duser.country=ID -Duser.language=id -Duser.variant -javaagent:C:\Users\feriska\.gradle\wrapper\dists\gradle-9.1.0-all\7wzd0jkjit61aq2p43wpjgij9\gradle-9.1.0\lib\agents\gradle-instrumentation-agent-9.1.0.jar 
java_command: org.gradle.launcher.daemon.bootstrap.GradleDaemon 9.1.0
java_class_path (initial): C:\Users\feriska\.gradle\wrapper\dists\gradle-9.1.0-all\7wzd0jkjit61aq2p43wpjgij9\gradle-9.1.0\lib\gradle-daemon-main-9.1.0.jar
Launcher Type: SUN_STANDARD

[Global flags]
     intx CICompilerCount                          = 4                                         {product} {ergonomic}
     uint ConcGCThreads                            = 3                                         {product} {ergonomic}
     uint G1ConcRefinementThreads                  = 10                                        {product} {ergonomic}
   size_t G1HeapRegionSize                         = 4194304                                   {product} {ergonomic}
     bool HeapDumpOnOutOfMemoryError               = true                                   {manageable} {command line}
   size_t InitialHeapSize                          = 130023424                                 {product} {ergonomic}
   size_t MarkStackSize                            = 4194304                                   {product} {ergonomic}
   size_t MarkStackSizeMax                         = 536870912                                 {product} {ergonomic}
   size_t MaxHeapSize                              = 8589934592                                {product} {command line}
   size_t MaxMetaspaceSize                         = 4294967296                                {product} {command line}
   size_t MaxNewSize                               = 5150605312                                {product} {ergonomic}
   size_t MinHeapDeltaBytes                        = 4194304                                   {product} {ergonomic}
   size_t MinHeapSize                              = 8388608                                   {product} {ergonomic}
    uintx NonNMethodCodeHeapSize                   = 5832704                                {pd product} {ergonomic}
    uintx NonProfiledCodeHeapSize                  = 265551872                              {pd product} {ergonomic}
    uintx ProfiledCodeHeapSize                     = 265486336                              {pd product} {ergonomic}
    uintx ReservedCodeCacheSize                    = 536870912                              {pd product} {command line, ergonomic}
     bool SegmentedCodeCache                       = true                                      {product} {ergonomic}
   size_t SoftMaxHeapSize                          = 8589934592                             {manageable} {ergonomic}
     bool UseCompressedOops                        = true                           {product lp64_product} {ergonomic}
     bool UseG1GC                                  = true                                      {product} {ergonomic}
     bool UseLargePagesIndividualAllocation        = false                                  {pd product} {ergonomic}

Logging:
Log output configuration:
 #0: stdout all=warning uptime,level,tags foldmultilines=false
 #1: stderr all=off uptime,level,tags foldmultilines=false

Environment Variables:
PATH=C:\Program Files\Common Files\Oracle\Java\javapath;C:\Python312\Scripts\;C:\Python312\;C:\Windows\system32;C:\Windows;C:\Windows\System32\Wbem;C:\Windows\System32\WindowsPowerShell\v1.0\;C:\Windows\System32\OpenSSH\;C:\Program Files (x86)\NVIDIA Corporation\PhysX\Common;C:\Program Files\NVIDIA Corporation\NVIDIA NvDLISR;C:\MinGW\bin;C:\ProgramData\chocolatey\bin;C:\WINDOWS\system32;C:\WINDOWS;C:\WINDOWS\System32\Wbem;C:\WINDOWS\System32\WindowsPowerShell\v1.0\;C:\WINDOWS\System32\OpenSSH\;C:\Program Files\Git\cmd;C:\Program Files\Java\jdk-24\bin;C:\laragon\bin\php\php-8.4.2-nts-Win32-vs17-x64;C:\laragon\bin\php\php-8.3.16-Win32-vs16-x64;C:\ProgramData\ComposerSetup\bin;C:\Python312\Scripts;C:\Users\feriska\AppData\Roaming\Python\Python312\Scripts;C:\Program Files\MySQL\MySQL Server 8.0\bin;C:\Program Files\javafx-sdk-25\bin;C:\Program Files\dotnet\;C:\Program Files\MongoDB\Server\8.2\bin;C:\Program Files\javafx-sdk-25\bin;C:\Program Files\flutter\bin;C:\Users\feriska\Downloads\ngrok-v3-stable-windows-amd64;C:\Users\feriska\AppData\Local\nvm;C:\nvm4w\nodejs;C:\Program Files\PostgreSQL\17\bin;C:\Program Files\Docker\Docker\resources\bin;C:\Program Files\Microsoft SQL Server\170\DTS\Binn\;C:\Program Files (x86)\Microsoft SQL Server\170\Tools\Binn\;C:\Program Files\Microsoft SQL Server\170\Tools\Binn\;C:\Program Files\Microsoft SQL Server\Client SDK\ODBC\180\Tools\Binn\;C:\Program Files\MySQL\MySQL Shell 8.0\bin\;C:\Users\feriska\AppData\Local\Microsoft\WindowsApps;C:\Users\feriska\AppData\Local\Programs\Microsoft VS Code\bin;C:\Users\feriska\AppData\Roaming\npm;C:\Users\feriska\.lmstudio\bin;C:\Users\feriska\AppData\Roaming\Composer\vendor\bin;C:\Program Files\javafx-sdk-25\bin;C:\Program Files\flutter\bin;C:\Users\feriska\Downloads\ngrok-v3-stable-windows-amd64;C:\Users\feriska\Downloads\flutter_windows_3.32.4-stable\flutter\bin;C:\Users\feriska\AppData\Local\nvm;C:\nvm4w\nodejs;C:\Users\feriska\.dotnet\tools
USERNAME=msi
OS=Windows_NT
PROCESSOR_IDENTIFIER=Intel64 Family 6 Model 186 Stepping 2, GenuineIntel
TMP=C:\Users\feriska\AppData\Local\Temp
TEMP=C:\Users\feriska\AppData\Local\Temp




Periodic native trim disabled

---------------  S Y S T E M  ---------------

OS:
 Windows 11 , 64 bit Build 26100 (10.0.26100.8875)
OS uptime: 1 days 18:30 hours

CPU: total 12 (initial active 12) (6 cores per cpu, 2 threads per core) family 6 model 186 stepping 2 microcode 0x410e, cx8, cmov, fxsr, ht, mmx, 3dnowpref, sse, sse2, sse3, ssse3, sse4.1, sse4.2, popcnt, lzcnt, tsc, tscinvbit, avx, avx2, aes, erms, clmul, bmi1, bmi2, adx, sha, fma, vzeroupper, clflush, clflushopt, clwb, serialize, rdtscp, rdpid, fsrm, gfni, f16c, pku, cet_ibt, cet_ss
Processor Information for the first 12 processors :
  Max Mhz: 2100, Current Mhz: 2100, Mhz Limit: 2100

Memory: 4k page, system-wide physical 7895M (303M free)
TotalPageFile size 32471M (AvailPageFile size 30M)
current process WorkingSet (physical memory assigned to process): 511M, peak: 1099M
current process commit charge ("private bytes"): 3358M, peak: 3371M

vm_info: Java HotSpot(TM) 64-Bit Server VM (24.0.2+12-54) for windows-amd64 JRE (24.0.2+12-54), built on 2025-07-08T12:10:27Z with MS VC++ 17.6 (VS2022)

END.
